Open,Close,High,Low,Volume,Date
13.0225,13.1525,13.215,12.9925,,12/31/20
12.95,13.0375,13.0825,12.7975,,12/30/20
12.5375,12.955,12.9875,12.45,,12/29/20
12.73,12.5525,12.795,12.45,,12/28/20
12.6025,12.635,12.7425,12.5975,,12/24/20
12.4825,12.5875,12.6675,12.405,,12/23/20
12.445,12.4725,12.5225,12.3675,,12/22/20
12.2525,12.4325,12.44,12.135,,12/21/20
12.0275,12.2,12.2475,12.015,,12/18/20
11.8325,12.0125,12.0175,11.7975,,12/17/20
11.87,11.8375,11.95,11.8175,,12/16/20
11.7075,11.8425,11.8575,11.62,,12/15/20
11.6475,11.695,11.73,11.6125,,12/14/20
11.5525,11.605,11.6275,11.51,,12/11/20
11.5975,11.5275,11.78,11.5025,,12/10/20
11.46,11.585,11.6075,11.455,,12/09/20
11.575,11.4575,11.6025,11.4275,,12/08/20
11.6,11.585,11.69,11.49,,12/07/20
11.68,11.63,11.725,11.5775,,12/04/20
11.5425,11.6825,11.7075,11.52,,12/03/20
11.6375,11.53,11.64,11.425,,12/02/20
11.6925,11.62,11.76,11.6125,,12/01/20
11.98,11.685,11.99,11.68,,11/30/20
11.86,11.9175,11.94,11.7925,,11/27/20
11.975,11.84,11.985,11.8325,,11/25/20
11.9075,11.9125,11.94,11.74,,11/24/20
11.955,11.915,12,11.86,,11/23/20
11.79,11.81,11.9675,11.7675,,11/20/20
11.74,11.775,11.8125,11.6175,,11/19/20
11.7025,11.7575,11.8975,11.6775,,11/18/20
11.57,11.6975,11.7825,11.5625,,11/17/20
11.5025,11.535,11.5525,11.44,,11/16/20
11.395,11.48,11.45,11.395,,11/13/20
11.3625,11.37,11.4075,11.3225,,11/12/20
11.37,11.4325,11.5025,11.36,,11/11/20
11.0675,11.3825,11.4525,11.0225,,11/10/20
10.9775,11.05,11.1325,10.9675,,11/09/20
11.01,10.985,11.075,10.9575,,11/06/20
10.8,11.0175,11.1125,10.795,,11/05/20
10.615,10.79,10.815,10.5625,,11/04/20
10.51,10.59,10.685,10.51,,11/03/20
10.535,10.5075,10.535,10.42,,11/02/20
10.51,10.565,10.6225,10.47,,10/30/20
10.585,10.5175,10.6225,10.51,,10/29/20
10.8175,10.5725,10.8175,10.5675,,10/28/20
10.86,10.8225,10.94,10.8175,,10/27/20
10.87,10.8775,0,10.78,,10/26/20
10.8375,10.8725,10.8975,10.8025,,10/25/20
10.7125,10.8375,10.885,10.6575,,10/23/20
10.7225,10.7375,10.8525,10.635,,10/22/20
10.65,10.72,10.77,10.6425,,10/21/20
10.5575,10.64,10.6575,10.5125,,10/20/20
10.5125,10.5425,10.5825,10.4775,,10/19/20
10.6275,10.5,10.7075,10.4875,,10/16/20
10.575,10.6225,10.6425,10.3725,,10/15/20
10.43,10.5625,10.5975,10.3975,,10/14/20
10.34,10.44,10.46,10.325,,10/13/20
10.6525,10.3375,10.735,10.315,,10/12/20
10.5025,10.655,10.7975,10.47,,10/09/20
10.5125,10.5,10.69,10.485,,10/08/20
10.4125,10.51,10.5975,10.3725,,10/07/20
10.215,10.44,10.5375,10.2125,,10/06/20
10.1975,10.215,10.255,10.16,,10/05/20
10.24,10.2075,10.28,10.13,,10/02/20
10.2325,10.235,10.35,10.2175,,10/01/20
9.9225,10.235,10.3475,9.875,,09/30/20
9.94,9.93,9.9775,9.8575,,09/29/20
10.02,9.9625,10.075,9.915,,09/28/20
9.99,10.025,10.08,9.9525,,09/25/20
10.125,10,10.1475,9.9725,,09/24/20
10.205,10.145,10.255,10.11,,09/23/20
10.2025,10.1975,10.37,10.1325,,09/22/20
10.41,10.225,10.4525,10.205,,09/21/20
10.28,10.435,10.4675,10.2725,,09/18/20
10.115,10.285,10.3225,10.05,,09/17/20
9.91,10.1125,10.1375,9.85,,09/16/20
0,9.915,10.0575,9.9025,,09/15/20
10.1925,10.1925,10.1925,10.1925,,09/14/20
9.92,10.055,10.25,9.92,,09/11/20
9.835,9.85,9.8625,9.825,,09/10/20
9.7425,9.7975,9.795,9.7425,,09/09/20
9.7575,9.73,9.7575,9.65,,09/08/20
9.7,9.695,9.71,9.7,,09/04/20
9.625,9.6875,9.665,9.625,,09/03/20
9.515,9.625,9.62,9.475,,09/02/20
9.48,9.55,9.565,9.45,,09/01/20
9.6025,9.5125,9.67,9.5075,,08/31/20
9.3575,9.505,9.525,9.3575,,08/28/20
9.1975,9.3725,9.4375,9.195,,08/27/20
9.14,9.195,9.2025,9.14,,08/26/20
9.05,9.1375,9.1475,9.05,,08/25/20
9.01,8.9975,9.0775,8.9675,,08/24/20
9.045,9.0075,9.0775,8.995,,08/21/20
9.1175,9.03,9.14,9.005,,08/20/20
9.105,9.125,9.1775,9.0775,,08/19/20
9.12,9.12,9.1475,9.08,,08/18/20
8.995,9.125,9.15,8.99,,08/17/20
9.03,8.97,9.03,9.03,,08/14/20
8.9475,9.0725,9.105,8.9475,,08/13/20
8.8075,8.905,8.8725,8.78,,08/12/20
8.785,8.78,8.795,8.78,,08/11/20
8.695,8.765,8.7825,8.695,,08/10/20
8.78,8.7025,8.7875,8.71,,08/07/20
8.82,8.8075,8.86,8.8,,08/06/20
8.84,8.82,8.84,8.8,,08/05/20
8.935,8.8375,8.935,8.81,,08/04/20
8.985,8.975,9.03,8.93,,08/03/20
8.935,8.975,8.9925,8.935,,07/31/20
8.91,8.9175,8.935,8.8425,,07/30/20
8.9675,8.915,8.98,8.915,,07/29/20
9.03,8.9675,9.03,8.93,,07/28/20
9.04,9.065,9.0925,9.015,,07/27/20
9.06,9.0475,9.1,9.015,,07/24/20
8.9875,9.0625,9.07,8.975,,07/23/20
8.965,8.9925,9.0125,8.92,,07/22/20
9.025,8.965,9.025,8.95,,07/21/20
8.985,9.03,9.055,8.97,,07/20/20
8.9325,8.98,8.9875,8.9275,,07/17/20
8.875,8.935,8.96,8.8675,,07/16/20
0,8.8625,8.875,8.775,,07/15/20
0,8.8225,0,0,,07/14/20
8.88,8.765,8.8875,8.84,,07/13/20
8.985,8.915,9.0075,8.8875,,07/10/20
9.03,8.9825,9.07,8.995,,07/09/20
8.9125,8.9475,8.9875,8.9125,,07/08/20
8.94,8.9525,8.9925,8.94,,07/07/20
8.975,8.985,9.015,8.97,,07/06/20
8.9375,8.925,8.98,8.9025,,07/02/20
8.8375,8.9375,8.985,8.8325,,07/01/20
8.65,8.8425,8.91,8.64,,06/30/20
8.64,8.665,8.695,8.6,,06/29/20
8.69,8.65,8.7175,8.6275,,06/26/20
8.705,8.6925,8.715,8.6175,,06/25/20
8.755,8.7075,8.775,8.7,,06/24/20
8.7675,8.75,8.79,8.65,,06/23/20
8.7525,8.7625,8.7975,8.725,,06/22/20
8.73,8.765,8.805,8.715,,06/19/20
8.71,8.73,8.765,8.7,,06/18/20
8.665,8.7125,8.7575,8.6,,06/17/20
8.7075,8.67,8.73,8.6475,,06/16/20
8.705,8.69,8.7175,8.6425,,06/15/20
8.665,8.7125,8.73,8.635,,06/12/20
8.65,8.66,8.695,8.61,,06/11/20
8.6325,8.655,8.6925,8.63,,06/10/20
8.64,8.6325,8.665,8.565,,06/09/20
8.6925,8.6475,8.715,8.6175,,06/08/20
8.68,8.6775,8.735,8.6525,,06/05/20
8.57,8.6775,8.7325,8.5525,,06/04/20
8.5175,8.575,8.58,8.5125,,06/03/20
8.4,8.505,8.56,8.385,,06/02/20
8.435,8.405,8.49,8.34,,06/01/20
8.46,8.4075,8.46,8.37,,05/29/20
8.485,8.47,8.5225,8.3875,,05/28/20
8.48,8.485,8.5125,8.435,,05/27/20
8.325,8.47,8.49,8.3225,,05/26/20
8.3525,8.3325,8.395,8.285,,05/22/20
8.4675,8.35,8.485,8.3375,,05/21/20
8.42,8.4675,8.495,8.42,,05/20/20
8.46,8.425,8.485,8.3925,,05/19/20
8.405,8.45,8.4775,8.3875,,05/18/20
0,8.385,8.43,8.365,,05/15/20
8.37,8.3525,8.37,8.37,,05/14/20
8.4175,8.36,8.4225,8.3875,,05/13/20
8.5275,8.4925,8.5475,8.475,,05/12/20
8.57,8.5225,8.57,8.515,,05/11/20
8.42,8.4875,8.5625,8.42,,05/08/20
8.3425,8.415,8.4525,8.31,,05/07/20
8.3825,8.305,8.3825,8.295,,05/06/20
8.3325,8.3825,8.38,8.325,,05/05/20
8.435,8.34,8.435,8.31,,05/04/20
8.4975,8.4725,8.5075,8.4275,,05/01/20
8.3375,8.5025,8.51,8.3375,,04/30/20
8.255,8.3175,8.35,8.2475,,04/29/20
8.295,8.26,8.355,8.225,,04/28/20
8.3125,8.29,8.3875,8.2725,,04/27/20
8.4,8.3225,8.4375,8.275,,04/24/20
8.3475,8.3925,8.4875,8.3375,,04/23/20
8.3125,8.3475,8.39,8.27,,04/22/20
8.26,8.3075,8.335,8.0825,,04/21/20
8.335,8.265,8.3575,8.245,,04/20/20
8.3925,8.325,8.4275,8.3175,,04/17/20
8.4075,8.3675,8.4675,8.3525,,04/16/20
8.475,8.42,8.525,8.3875,,04/15/20
8.5475,8.47,8.565,8.4575,,04/14/20
8.64,8.5425,8.7,8.505,,04/13/20
8.555,8.635,8.67,8.5375,,04/09/20
8.5575,8.545,8.605,8.5175,,04/08/20
8.56,8.5475,8.6225,8.5425,,04/07/20
8.535,8.555,8.59,8.485,,04/06/20
8.5975,8.5425,8.645,8.505,,04/03/20
8.6475,8.5875,8.7,8.57,,04/02/20
8.8575,8.6275,8.8725,8.6075,,04/01/20
8.825,8.86,8.875,8.7575,,03/31/20
8.8,8.8225,8.925,8.7675,,03/30/20
8.79,8.815,8.8875,8.7525,,03/27/20
8.825,8.8025,8.845,8.7125,,03/26/20
8.85,8.815,8.97,8.805,,03/25/20
8.84,8.8675,8.8775,8.725,,03/24/20
8.6,8.84,8.8525,8.5825,,03/23/20
8.4575,8.625,8.6475,8.455,,03/20/20
8.2925,8.4325,8.5575,8.25,,03/19/20
8.245,8.255,8.385,8.2225,,03/18/20
8.2475,8.2425,8.325,8.22,,03/17/20
8.42,8.2175,8.5475,8.21,,03/16/20
0,8.4675,0,0,,03/13/20
8.7125,8.55,8.7125,8.5375,,03/12/20
8.7625,8.6775,8.785,8.685,,03/11/20
8.7425,8.73,8.795,8.715,,03/10/20
8.65,8.635,8.7175,8.6175,,03/09/20
8.9075,8.8325,8.92,8.82,,03/06/20
8.965,8.89,8.965,8.9,,03/05/20
8.985,8.9875,9.0075,8.9725,,03/04/20
8.9125,8.93,8.955,8.8925,,03/03/20
8.8375,8.905,8.95,8.8375,,03/02/20
8.8625,8.835,8.8725,8.745,,02/28/20
8.805,8.8625,8.8775,8.6675,,02/27/20
8.795,8.81,8.8825,8.755,,02/26/20
8.755,8.79,8.8075,8.7325,,02/25/20
8.88,8.7425,8.885,8.7075,,02/24/20
8.92,8.905,9.02,8.875,,02/21/20
8.965,8.9275,8.98,8.9125,,02/20/20
8.9225,8.9725,8.9825,8.85,,02/19/20
8.9475,8.9225,8.985,8.8925,,02/18/20
8.9625,8.9375,8.9925,8.9,,02/14/20
8.91,8.9625,8.9975,8.885,,02/13/20
8.855,8.925,8.93,8.815,,02/12/20
8.8575,8.8475,8.89,8.78,,02/11/20
8.83,8.8425,8.8975,8.795,,02/10/20
8.8325,8.82,8.8475,8.7625,,02/07/20
8.8,8.81,8.8625,8.7675,,02/06/20
8.8,8.8,8.88,8.78,,02/05/20
8.7625,8.795,8.87,8.7375,,02/04/20
8.7075,8.77,8.7875,8.6875,,02/03/20
8.8,8.725,8.8275,8.7225,,01/31/20
8.935,8.7625,8.9375,8.755,,01/30/20
8.96,8.93,9.03,8.9075,,01/29/20
8.975,8.95,8.98,8.885,,01/28/20
8.9925,8.9725,9,8.8825,,01/27/20
9.0925,9.02,9.0925,9.0075,,01/24/20
9.14,9.095,9.1475,9.04,,01/23/20
9.17,9.1375,9.22,9.1325,,01/22/20
9.3,9.16,9.315,9.1525,,01/21/20
9.245,9.2975,9.335,9.2,,01/17/20
9.2975,9.24,9.3025,9.22,,01/16/20
0,9.2875,0,9.2825,,01/15/20
9.29,9.285,9.3475,9.29,,01/14/20
9.385,9.2925,9.385,9.295,,01/13/20
9.315,9.35,9.355,9.275,,01/10/20
9.4325,9.3375,9.4325,9.31,,01/09/20
9.3625,9.3825,9.4,9.3575,,01/08/20
9.335,9.35,9.3475,9.2875,,01/07/20
9.2925,9.3275,9.3625,9.29,,01/06/20
9.445,9.305,9.4525,9.2675,,01/03/20
9.4325,9.4425,9.49,9.4175,,01/02/20
9.3925,9.43,9.435,9.3375,,12/31/19
9.29,9.395,9.41,9.2725,,12/30/19
9.3725,9.295,9.415,9.2875,,12/27/19
9.3775,9.3775,9.4,9.3675,,12/26/19
9.33,9.365,9.375,9.29,,12/24/19
9.29,9.34,9.37,9.275,,12/23/19
9.25,9.2825,9.3,9.24,,12/20/19
9.2675,9.245,9.2925,9.2125,,12/19/19
9.28,9.285,9.3,9.23,,12/18/19
9.2125,9.2875,9.31,9.2025,,12/17/19
9.125,9.22,9.2275,9.125,,12/16/19
9.06,9.075,9.17,9.015,,12/13/19
8.93,8.9825,9.0175,8.8825,,12/12/19
8.9875,8.935,9.02,8.92,,12/11/19
8.975,9.0125,9.0225,8.9625,,12/10/19
8.9175,8.9725,9.035,8.8975,,12/09/19
8.8475,8.895,8.94,8.845,,12/06/19
8.78,8.8425,8.8875,8.7725,,12/05/19
8.7225,8.78,8.8,8.715,,12/04/19
8.735,8.71,8.7575,8.6825,,12/03/19
8.7775,8.705,8.83,8.675,,12/02/19
8.8325,8.7675,8.8475,8.7575,,11/29/19
8.8475,8.82,8.875,8.8125,,11/27/19
8.9275,8.8425,8.95,8.8275,,11/26/19
8.98,8.925,9.025,8.92,,11/25/19
9.005,8.97,9.035,8.955,,11/22/19
9.0525,9.01,9.0925,9.0025,,11/21/19
9.105,9.05,9.1575,9.0425,,11/20/19
9.105,9.115,9.17,9.1,,11/19/19
9.19,9.1025,9.2175,9.1,,11/18/19
0,9.1825,9.235,9.1525,,11/15/19
9.0075,9.0025,9.0175,9.005,,11/14/19
9.065,9.025,9.0925,9.02,,11/13/19
9.06,9.0575,9.0925,9.05,,11/12/19
9.06,9.05,9.06,9.06,,11/11/19
9.165,9.155,9.1725,9.1375,,11/10/19
9.245,9.195,9.2625,9.1575,,11/08/19
9.165,9.25,9.27,9.15,,11/07/19
9.2225,9.15,9.2225,9.1425,,11/06/19
9.2525,9.2175,9.2875,9.2,,11/05/19
9.2325,9.2575,9.2975,9.21,,11/04/19
9.155,9.2425,9.265,9.15,,11/01/19
9.1575,9.1675,9.2025,9.105,,10/31/19
9.1775,9.16,9.215,9.1525,,10/30/19
9.21,9.1825,9.2525,9.16,,10/29/19
9.215,9.2075,9.26,9.2025,,10/28/19
9.335,9.2025,9.3725,9.195,,10/25/19
9.3375,9.3325,9.39,9.3275,,10/24/19
9.34,9.3375,9.39,9.2775,,10/23/19
9.325,9.34,9.4525,9.31,,10/22/19
9.3075,9.3325,9.4,9.3025,,10/21/19
9.31,9.34,9.385,9.305,,10/18/19
9.28,9.315,9.4075,9.2725,,10/17/19
9.33,9.28,9.3875,9.275,,10/16/19
9.3875,9.34,9.4425,9.3325,,10/15/19
9.405,9.405,9.455,9.305,,10/14/19
9.2375,9.36,9.3925,9.235,,10/11/19
9.195,9.235,9.34,9.1875,,10/10/19
9.185,9.2375,9.315,9.1825,,10/09/19
9.15,9.205,9.2375,9.105,,10/08/19
9.165,9.1525,9.195,9.115,,10/07/19
9.11,9.1625,9.2125,9.095,,10/04/19
9.13,9.1175,9.185,9.08,,10/03/19
9.1725,9.1375,9.1875,9.1175,,10/02/19
9.04,9.195,9.2,9.0325,,10/01/19
8.8475,9.06,9.0675,8.8375,,09/30/19
8.8775,8.83,8.8925,8.815,,09/27/19
8.88,8.885,8.955,8.8675,,09/26/19
8.94,8.8925,8.9775,8.8525,,09/25/19
8.925,8.9425,8.99,8.905,,09/24/19
8.8275,8.925,8.9925,8.8275,,09/23/19
8.93,8.8275,8.935,8.8075,,09/20/19
8.8925,8.93,8.95,8.8625,,09/19/19
8.9525,8.8875,8.97,8.8675,,09/18/19
9,8.9375,9,8.8825,,09/17/19
9.0325,9,9.0475,8.9425,,09/16/19
8.9,8.8475,8.9025,8.885,,09/13/19
8.6275,8.83,8.75,8.6275,,09/12/19
8.5375,8.54,8.5375,8.515,,09/11/19
8.4725,8.5925,8.5225,8.455,,09/10/19
8.43,8.45,8.4775,8.3975,,09/09/19
8.535,8.45,8.535,8.4475,,09/06/19
8.63,8.4975,8.63,8.4675,,09/05/19
8.565,8.625,8.6375,8.525,,09/04/19
8.555,8.565,8.5625,8.4875,,09/03/19
8.5625,8.57,8.6475,8.55,,08/30/19
8.5275,8.5625,8.605,8.525,,08/29/19
8.4625,8.5275,8.5475,8.395,,08/28/19
8.515,8.4625,8.52,8.43,,08/27/19
8.42,8.5375,8.5725,8.42,,08/26/19
8.555,8.4325,8.5925,8.42,,08/23/19
8.605,8.56,8.695,8.5525,,08/22/19
8.5575,8.605,8.64,8.5425,,08/21/19
8.5625,8.5575,8.62,8.53,,08/20/19
8.6225,8.54,8.65,8.52,,08/19/19
8.5825,8.6725,8.68,8.5825,,08/16/19
0,8.58,8.72,8.5775,,08/15/19
8.695,8.61,8.695,8.695,,08/14/19
8.72,8.72,8.72,8.7125,,08/13/19
8.71,8.615,8.71,8.6,,08/12/19
8.7175,8.7375,8.7525,8.66,,08/09/19
8.5175,8.65,8.63,8.5175,,08/08/19
8.4825,8.4875,8.4825,8.4425,,08/07/19
8.485,8.4775,8.5325,8.47,,08/06/19
8.5225,8.5025,8.54,8.3725,,08/05/19
8.49,8.5025,8.535,8.4525,,08/02/19
8.6275,8.47,8.6375,8.4275,,08/01/19
8.765,8.64,8.82,8.6275,,07/31/19
8.8475,8.7875,8.87,8.715,,07/30/19
8.825,8.8575,8.9075,8.8175,,07/29/19
8.835,8.8325,8.9,8.815,,07/26/19
8.91,8.825,8.96,8.81,,07/25/19
8.86,8.91,8.95,8.8375,,07/24/19
8.885,8.8575,8.925,8.81,,07/23/19
9.015,8.8825,9.0425,8.875,,07/22/19
8.8175,9.015,9.0575,8.795,,07/19/19
8.8,8.8125,8.8575,8.755,,07/18/19
8.875,8.825,8.9425,8.815,,07/17/19
8.9975,8.8775,9,8.85,,07/16/19
9.1525,9.0175,9.18,9.005,,07/15/19
9.0225,9.0675,9.0425,9.0225,,07/12/19
8.94,8.9625,8.95,8.9075,,07/11/19
8.845,8.93,8.93,8.8075,,07/10/19
8.7225,8.8275,8.8125,8.7075,,07/09/19
8.78,8.7525,8.785,8.7,,07/08/19
8.84,8.7225,8.8475,8.7175,,07/05/19
8.755,8.8525,8.8575,8.735,,07/03/19
8.8625,8.7625,8.8825,8.7625,,07/02/19
9.1075,8.855,9.1075,8.84,,07/01/19
8.8925,8.9975,9.06,8.8725,,06/28/19
8.9325,8.8775,8.9825,8.835,,06/27/19
9.02,8.9425,9.02,8.9325,,06/26/19
9.15,9.035,9.1775,9.005,,06/25/19
9.02,9.09,9.1125,8.995,,06/24/19
9.15,9.0275,9.1725,9.025,,06/21/19
9.0125,9.155,9.175,8.965,,06/20/19
9.125,9.0325,9.135,9.015,,06/19/19
9.1825,9.135,9.215,9.0275,,06/18/19
9.01,9.1275,9.14,9.0075,,06/17/19
8.875,8.9675,8.9825,8.8525,,06/14/19
8.78,8.88,8.8875,8.7775,,06/13/19
8.5725,8.78,8.8325,8.5325,,06/12/19
8.555,8.5925,8.635,8.5025,,06/11/19
8.5375,8.585,8.66,8.4825,,06/10/19
8.6875,8.5625,8.715,8.55,,06/07/19
8.6975,8.6875,8.7225,8.5775,,06/06/19
8.82,8.6975,8.8275,8.6825,,06/05/19
8.9125,8.8175,8.945,8.785,,06/04/19
8.7575,8.79,8.865,8.735,,06/03/19
8.89,8.7775,8.9075,8.765,,05/31/19
8.715,8.89,8.895,8.635,,05/30/19
8.66,8.72,8.9275,8.635,,05/29/19
8.4,8.56,8.5825,8.375,,05/28/19
8.215,8.2975,8.315,8.2,,05/24/19
8.285,8.215,8.34,8.17,,05/23/19
8.195,8.285,8.35,8.19,,05/22/19
8.4275,8.22,8.465,8.19,,05/21/19
8.2825,8.3175,8.3875,8.2475,,05/20/19
8.4075,8.2175,8.4175,8.205,,05/17/19
8.34,8.3975,8.45,8.34,,05/16/19
0,8.355,8.4825,0,,05/15/19
8.1,8.1775,8.175,8.1,,05/14/19
7.9025,7.91,7.9025,7.805,,05/13/19
8.0025,7.97,8.04,7.9525,,05/10/19
8.1,8.0025,8.105,7.9525,,05/09/19
8.1925,8.1425,8.2025,8.1275,,05/08/19
8.15,8.1775,8.2175,8.15,,05/07/19
8.165,8.175,8.1975,8.045,,05/06/19
8.305,8.295,8.3275,8.2875,,05/03/19
8.4,8.305,8.405,8.2975,,05/02/19
8.41,8.395,8.43,8.3175,,05/01/19
8.48,8.4125,8.51,8.385,,04/30/19
8.5475,8.475,8.595,8.4725,,04/29/19
8.585,8.5375,8.5975,8.525,,04/26/19
8.5475,8.5925,8.6275,8.535,,04/25/19
8.62,8.5525,8.6525,8.545,,04/24/19
8.77,8.62,8.7875,8.6075,,04/23/19
8.815,8.77,8.8325,8.7625,,04/22/19
8.7875,8.805,8.82,8.765,,04/18/19
8.8775,8.79,8.905,8.785,,04/17/19
8.9825,8.88,8.99,8.8625,,04/16/19
8.95,8.9875,9.02,8.9475,,04/15/19
8.95,8.9525,8.985,8.9375,,04/12/19
9.0125,8.9525,9.04,8.935,,04/11/19
8.9875,9.02,9.0375,8.9725,,04/10/19
8.9825,8.9875,9.0225,8.9475,,04/09/19
8.99,8.9875,9.035,8.98,,04/08/19
9.045,8.99,9.0475,8.9625,,04/05/19
8.9825,9.065,9.0725,8.97,,04/04/19
8.9925,8.9875,9.03,8.9475,,04/03/19
8.9575,9,9.0125,8.925,,04/02/19
8.84,8.955,8.99,8.8375,,04/01/19
8.8875,8.8425,8.9275,8.83,,03/29/19
8.88,8.895,8.9175,8.865,,03/28/19
9.0025,8.875,9.0075,8.86,,03/27/19
9.055,9.0075,9.075,8.995,,03/26/19
9.045,9.065,9.0825,9.015,,03/25/19
9.0975,9.0375,9.12,9.03,,03/22/19
9.06,9.105,9.12,9.035,,03/21/19
9.0275,9.06,9.065,8.9925,,03/20/19
9.055,9.04,9.095,9.0025,,03/19/19
9.1,9.0575,9.115,9.0175,,03/18/19
0,9.0925,9.11,8.9825,,03/15/19
0,8.895,0,0,,03/14/19
8.8275,8.89,8.8925,8.825,,03/13/19
8.805,8.8475,8.85,8.8025,,03/12/19
8.91,8.8375,8.915,8.8,,03/08/19
8.92,8.9075,8.9375,8.87,,03/07/19
9.005,8.8975,9.035,8.895,,03/06/19
9.0475,9.0125,9.0475,8.9675,,03/05/19
9.0125,9.0325,9.1225,9.0125,,03/04/19
8.9725,8.9925,9.05,8.8825,,03/01/19
9.03,8.975,9.0525,8.97,,02/28/19
9.03,9.035,9.1,9.0075,,02/27/19
9.1,9.0375,9.1075,8.99,,02/26/19
9.18,9.1175,9.21,9.1025,,02/25/19
9.1025,9.1025,9.1475,9.075,,02/22/19
9.0275,9.11,9.1675,9,,02/21/19
9.02,9.025,9.05,8.9325,,02/20/19
9.0725,9.0075,9.1125,8.9475,,02/19/19
9.0525,9.075,9.0975,9.0125,,02/15/19
9.1575,9.035,9.1825,9.03,,02/14/19
9.1675,9.165,9.2,9.1375,,02/13/19
9.055,9.175,9.1975,9.055,,02/12/19
9.1475,9.05,9.1875,9.035,,02/11/19
9.13,9.145,9.18,9.08,,02/08/19
9.195,9.1325,9.215,9.105,,02/07/19
9.2,9.2175,9.225,9.175,,02/06/19
9.1775,9.2025,9.21,9.135,,02/05/19
9.17,9.185,9.2375,9.155,,02/04/19
9.21,9.1775,9.3125,9.17,,02/01/19
9.195,9.1525,9.2675,9.1325,,01/31/19
9.19,9.21,9.24,9.1725,,01/30/19
9.2175,9.19,9.2225,9.1675,,01/29/19
9.235,9.2325,9.25,9.1575,,01/28/19
9.1575,9.2525,9.2625,9.13,,01/25/19
9.15,9.16,9.195,9.0925,,01/24/19
9.11,9.15,9.1825,9.105,,01/23/19
9.165,9.0925,9.195,8.995,,01/22/19
9.0825,9.1675,9.2025,9.0575,,01/18/19
8.955,9.0775,9.12,8.9425,,01/17/19
8.955,8.945,9,8.9125,,01/16/19
0,8.9325,0,8.925,,01/15/19
8.9525,8.9075,8.9525,8.91,,01/14/19
8.9725,8.9925,9.0125,8.9725,,01/11/19
9.08,8.955,9.1125,8.95,,01/10/19
9.055,9.115,9.1375,9.0525,,01/09/19
9.1175,9.0625,9.125,9.03,,01/08/19
9.095,9.1225,9.1575,9.095,,01/07/19
8.9825,9.095,9.1,8.9825,,01/04/19
8.935,9.0025,9.0075,8.9225,,01/03/19
8.815,8.9475,8.9775,8.8075,,01/02/19
8.855,8.825,8.89,8.7925,,12/31/18
8.705,8.8275,8.8625,8.7,,12/28/18
8.7075,8.69,8.76,8.67,,12/27/18
8.85,8.7,8.8875,8.695,,12/26/18
8.8325,8.84,8.865,8.795,,12/24/18
8.915,8.8475,8.9475,8.8325,,12/21/18
9,8.935,9.055,8.9275,,12/20/18
9.07,9,9.0975,8.9925,,12/19/18
9.0275,9.0775,9.1225,9.0275,,12/18/18
9.0075,9.0475,9.0925,9.0025,,12/17/18
9.0725,9.005,9.1,9,,12/14/18
9.1875,9.07,9.2,9.0525,,12/13/18
9.16,9.2,9.28,9.1525,,12/12/18
9.0775,9.15,9.1725,9.06,,12/11/18
9.12,9.0975,9.165,9.085,,12/10/18
9.1,9.1675,9.18,9.075,,12/07/18
9.115,9.095,9.1225,8.97,,12/06/18
9.1,9.135,9.1675,9.085,,12/05/18
9.0325,9.1175,9.13,8.995,,12/04/18
9.1975,9.0575,9.2375,9.045,,12/03/18
8.8725,8.9475,8.965,8.86,,11/30/18
8.9,8.8725,8.945,8.825,,11/29/18
8.7625,8.905,8.95,8.74,,11/28/18
8.625,8.755,8.8,8.5825,,11/27/18
8.81,8.6225,8.83,8.57,,11/26/18
8.8125,8.81,8.845,8.8,,11/23/18
8.82,8.83,8.89,8.76,,11/21/18
8.7425,8.81,8.8575,8.705,,11/20/18
8.92,8.7375,8.9225,8.7125,,11/19/18
8.8975,8.9225,8.9475,8.8175,,11/16/18
0,8.8875,8.975,0,,11/15/18
8.6925,8.705,8.7525,8.6925,,11/14/18
8.7175,8.6725,8.7625,8.6725,,11/13/18
8.74,8.7175,8.74,8.6825,,11/12/18
8.67,8.7525,8.7575,8.6325,,11/09/18
8.67,8.675,8.7125,8.53,,11/08/18
8.72,8.6775,8.7375,8.65,,11/07/18
8.7225,8.72,8.745,8.6675,,11/06/18
8.77,8.73,8.8,8.705,,11/05/18
8.68,8.7525,8.885,8.665,,11/02/18
8.37,8.69,8.75,8.3275,,11/01/18
8.3275,8.39,8.4225,8.3175,,10/31/18
8.39,8.335,8.42,8.3225,,10/30/18
8.45,8.39,8.525,8.3725,,10/29/18
8.42,8.45,8.4925,8.41,,10/26/18
8.5,8.4175,8.51,8.4,,10/25/18
8.5575,8.5025,8.5675,8.5,,10/24/18
8.575,8.575,8.6275,8.51,,10/23/18
8.5575,8.585,8.63,8.555,,10/22/18
8.6525,8.5675,8.6625,8.5625,,10/19/18
8.8225,8.635,8.8375,8.6275,,10/18/18
8.835,8.8575,8.8975,8.82,,10/17/18
8.9125,8.8475,8.9125,8.7925,,10/16/18
8.67,8.915,8.92,8.635,,10/15/18
8.595,8.675,8.68,8.585,,10/12/18
8.52,8.5825,8.64,8.47,,10/11/18
8.63,8.5225,8.6475,8.4725,,10/10/18
8.6975,8.63,8.725,8.5925,,10/09/18
8.7,8.6975,8.7475,8.625,,10/08/18
8.6,8.69,8.7025,8.515,,10/05/18
8.6,8.5925,8.685,8.585,,10/04/18
8.66,8.615,8.7025,8.605,,10/03/18
8.5675,8.66,8.6725,8.53,,10/02/18
8.455,8.5775,8.64,8.43,,10/01/18
8.5425,8.455,8.5925,8.42,,09/28/18
8.4825,8.55,8.59,8.465,,09/27/18
8.4625,8.5,8.54,8.4575,,09/26/18
8.4125,8.4575,8.58,8.3725,,09/25/18
8.44,8.41,8.4525,8.3825,,09/24/18
8.4625,8.4725,8.4975,8.4125,,09/21/18
8.3,8.5025,8.55,8.2525,,09/20/18
8.1375,8.3,8.3175,8.1325,,09/19/18
8.21,8.14,8.2525,8.1225,,09/18/18
8.275,8.235,8.2975,8.215,,09/17/18
0,8.215,0,0,,09/14/18
8.2825,8.2275,8.3175,8.2825,,09/13/18
8.205,8.29,8.285,8.115,,09/12/18
8.3675,8.2025,8.3675,8.2175,,09/11/18
8.3225,8.335,8.3825,8.3225,,09/10/18
8.265,8.32,8.3325,8.265,,09/07/18
8.2825,8.2675,8.2975,8.2425,,09/06/18
8.3525,8.255,8.3525,8.2575,,09/05/18
8.32,8.32,8.3875,8.265,,09/04/18
8.16,8.33,8.3325,8.16,,08/31/18
8.23,8.195,8.315,8.17,,08/30/18
8.2075,8.2325,8.3075,8.2,,08/29/18
8.3325,8.205,8.365,8.2025,,08/28/18
8.3825,8.3475,8.4,8.2475,,08/27/18
8.415,8.42,8.485,8.4075,,08/24/18
8.575,8.42,8.6175,8.42,,08/23/18
8.735,8.5825,8.7375,8.5725,,08/22/18
8.74,8.745,8.8325,8.735,,08/21/18
8.8975,8.8175,8.96,8.805,,08/20/18
8.8475,8.815,8.875,8.71,,08/17/18
8.5975,8.855,8.8825,8.545,,08/16/18
0,8.575,0,8.565,,08/15/18
8.585,8.645,8.6225,8.565,,08/14/18
8.38,8.535,8.495,8.38,,08/13/18
8.8625,8.46,8.8625,8.4525,,08/10/18
8.905,8.8775,8.905,8.875,,08/09/18
8.92,8.9375,8.9575,8.8975,,08/08/18
8.8775,8.8925,8.9125,8.8325,,08/07/18
8.805,8.7725,8.81,8.725,,08/06/18
8.785,8.8625,8.865,8.705,,08/03/18
8.8675,8.825,8.8675,8.75,,08/02/18
8.98,8.8675,8.98,8.8475,,08/01/18
8.755,9.0375,9.06,8.7325,,07/31/18
8.785,8.75,8.8125,8.7125,,07/30/18
8.5825,8.705,8.74,8.5825,,07/27/18
8.7,8.6125,8.81,8.5825,,07/26/18
8.6,8.6075,8.63,8.52,,07/25/18
8.44,8.58,8.6275,8.425,,07/24/18
8.5325,8.4775,8.5475,8.4725,,07/23/18
8.46,8.4975,8.5325,8.4125,,07/20/18
8.42,8.46,8.4675,8.3675,,07/19/18
8.39,8.4225,8.475,8.3475,,07/18/18
8.3325,8.395,8.435,8.3,,07/17/18
8.185,8.295,8.38,8.105,,07/16/18
8.315,8.14,8.315,8.315,,07/13/18
8.3275,8.3,8.3325,8.26,,07/12/18
8.405,8.2975,8.4225,8.295,,07/11/18
8.49,8.5225,8.6025,8.475,,07/10/18
8.675,8.5175,8.675,8.4825,,07/09/18
8.36,8.74,8.7725,8.36,,07/06/18
8.435,8.355,8.45,8.34,,07/05/18
8.495,8.44,8.5275,8.43,,07/03/18
8.6,8.485,8.6125,8.4575,,07/02/18
8.6125,8.585,8.765,8.575,,06/29/18
8.6525,8.6125,8.695,8.595,,06/28/18
8.68,8.675,8.78,8.66,,06/27/18
8.7325,8.6725,8.81,8.625,,06/26/18
8.965,8.745,8.99,8.7175,,06/25/18
8.7925,8.945,8.975,8.7875,,06/22/18
8.895,8.805,8.9125,8.7825,,06/21/18
8.9075,8.895,8.96,8.77,,06/20/18
9.05,8.89,9.0575,8.415,,06/19/18
9.055,9.085,9.14,8.9725,,06/18/18
9.2625,9.055,9.2975,9.03,,06/15/18
9.3375,9.2725,9.3775,9.24,,06/14/18
9.54,9.36,9.585,9.3425,,06/13/18
9.565,9.54,9.6325,9.52,,06/12/18
9.6675,9.5375,9.7225,9.5325,,06/11/18
9.7425,9.6925,9.7625,9.625,,06/08/18
9.95,9.7425,9.9825,9.73,,06/07/18
10.045,9.9425,10.0825,9.9375,,06/06/18
10.0225,10.0125,10.0675,9.9725,,06/05/18
10.1325,10.0175,10.145,10.0125,,06/04/18
10.1925,10.2125,10.265,10.15,,06/01/18
10.23,10.185,10.3075,10.135,,05/31/18
10.305,10.23,10.3175,10.1475,,05/30/18
10.4525,10.305,10.495,10.28,,05/29/18
10.3675,10.415,10.44,10.355,,05/25/18
10.3975,10.3575,10.5075,10.355,,05/24/18
10.305,10.3925,10.3975,10.2775,,05/23/18
10.22,10.305,10.36,10.2025,,05/22/18
0,10.2525,0,0,,05/21/18
9.9575,9.985,10.0775,9.9275,,05/18/18
10.01,9.95,10.075,9.925,,05/17/18
10.1775,9.9975,10.185,9.9875,,05/16/18
0,10.1875,0,10.0525,,05/15/18
10.0725,10.13,10.135,10.0725,,05/14/18
10.0875,9.9475,10.0875,9.9325,,05/11/18
10.08,10.1325,10.18,10.0725,,05/10/18
10.1125,10.0725,10.1175,10.0225,,05/09/18
10.0425,10.1125,10.1175,10.0225,,05/08/18
10.25,10.0225,10.25,10.0125,,05/07/18
10.385,10.2725,10.39,10.27,,05/04/18
10.3275,10.4325,10.3875,10.2475,,05/03/18
10.4125,10.3275,10.4125,10.2925,,05/02/18
10.3875,10.425,10.44,10.3125,,05/01/18
10.4625,10.3775,10.565,10.3675,,04/30/18
10.285,10.45,10.4675,10.19,,04/27/18
10.2725,10.28,10.345,10.24,,04/26/18
10.2225,10.275,10.33,10.205,,04/25/18
10.2075,10.2225,10.2625,10.1625,,04/24/18
10.275,10.2075,10.3325,10.1725,,04/23/18
10.37,10.2875,10.385,10.2775,,04/20/18
10.4175,10.3725,10.4475,10.3275,,04/19/18
10.4625,10.4175,10.525,10.39,,04/18/18
10.4325,10.46,10.4925,10.4,,04/17/18
10.5425,10.42,10.5875,10.415,,04/16/18
10.6025,10.5425,10.6725,10.515,,04/13/18
10.4775,10.6075,10.6175,10.4725,,04/12/18
10.5075,10.4775,10.5875,10.4725,,04/11/18
10.455,10.5,10.64,10.45,,04/10/18
10.3825,10.47,10.5675,10.375,,04/09/18
10.03,10.3375,10.3725,10.03,,04/06/18
10.155,10.3125,10.34,10.1175,,04/05/18
10.3875,10.1525,10.4175,9.835,,04/04/18
10.3625,10.38,10.4875,10.3575,,04/03/18
10.4525,10.355,10.605,10.3525,,04/02/18
10.195,10.4475,10.5075,10.125,,03/29/18
10.195,10.18,10.2325,10.15,,03/28/18
10.27,10.195,10.3125,10.1725,,03/27/18
10.2625,10.255,10.4025,10.25,,03/26/18
10.265,10.2825,10.3425,10.0925,,03/23/18
10.32,10.2975,10.355,10.2225,,03/22/18
10.295,10.2975,10.3725,10.2475,,03/21/18
10.2225,10.2825,10.2975,10.2225,,03/20/18
10.4525,10.225,10.455,10.2175,,03/19/18
10.42,10.495,10.5,10.4075,,03/16/18
0,10.4075,10.4625,0,,03/15/18
10.4225,10.285,10.4275,10.36,,03/14/18
10.355,10.405,10.4325,10.355,,03/13/18
10.23,10.33,10.335,10.23,,03/12/18
10.4975,10.2925,10.4975,10.3,,03/09/18
10.525,10.5375,10.5725,10.47,,03/08/18
10.58,10.55,10.63,10.545,,03/07/18
10.66,10.645,10.67,10.6075,,03/06/18
10.635,10.6675,10.68,10.5675,,03/05/18
10.57,10.6075,10.71,10.535,,03/02/18
10.4375,10.565,10.53,10.41,,03/01/18
10.3775,10.45,10.48,10.35,,02/28/18
10.34,10.38,10.4425,10.3175,,02/27/18
10.395,10.3425,10.4775,10.34,,02/26/18
10.31,10.3625,10.395,10.28,,02/23/18
10.34,10.32,10.37,10.2725,,02/22/18
10.2775,10.3425,10.3825,10.1925,,02/21/18
10.315,10.265,10.39,10.245,,02/20/18
10.235,10.215,10.2825,10.12,,02/16/18
10.165,10.2425,10.2475,10.155,,02/15/18
10.1125,10.1725,10.195,10.06,,02/14/18
10.01,10.1175,10.135,9.9875,,02/13/18
9.955,10.0175,10.0425,9.89,,02/12/18
9.875,9.83,9.8975,9.7975,,02/09/18
9.8325,9.8775,9.96,9.7775,,02/08/18
9.8875,9.83,9.9375,9.82,,02/07/18
9.6975,9.8625,9.875,9.6775,,02/06/18
9.7625,9.6975,9.775,9.695,,02/05/18
9.8575,9.7875,9.8625,9.77,,02/02/18
9.9525,9.85,9.955,9.775,,02/01/18
10,9.9575,10.02,9.89,,01/31/18
9.945,10.0025,10.0475,9.8825,,01/30/18
9.9225,9.915,9.9875,9.8625,,01/29/18
9.9025,9.855,9.955,9.8375,,01/26/18
9.92,9.9225,10.02,9.87,,01/25/18
9.8575,9.9225,9.9475,9.8025,,01/24/18
9.83,9.8625,9.8875,9.795,,01/23/18
9.805,9.8425,9.8725,9.8,,01/22/18
9.725,9.7725,9.8275,9.72,,01/19/18
9.6875,9.73,9.7475,9.665,,01/18/18
9.6625,9.6875,9.6925,9.6125,,01/17/18
9.65,9.68,9.7,9.6325,,01/16/18
9.4025,9.605,9.4375,9.3725,,01/12/18
9.46,9.405,9.4825,9.4,,01/11/18
9.5325,9.47,9.54,9.445,,01/10/18
9.5875,9.5575,9.5925,9.535,,01/09/18
9.6075,9.5825,9.6225,9.515,,01/08/18
9.6,9.615,9.665,9.6,,01/05/18
9.5925,9.5925,9.6,9.5025,,01/04/18
9.5625,9.5975,9.605,9.55,,01/03/18
9.565,9.55,9.6,9.495,,01/02/18
9.45,9.5175,9.5325,9.4425,,12/29/17
9.55,9.4575,9.5575,9.4325,,12/28/17
9.5875,9.555,9.6475,9.535,,12/27/17
9.5225,9.5925,9.63,9.5225,,12/26/17
9.48,9.495,9.52,9.465,,12/22/17
9.535,9.4875,9.5675,9.475,,12/21/17
9.5575,9.54,9.6,9.5275,,12/20/17
9.6225,9.56,9.64,9.55,,12/19/17
9.705,9.615,9.705,9.5725,,12/18/17
9.68,9.6725,9.7225,9.64,,12/15/17
9.795,9.6775,9.81,9.665,,12/14/17
9.76,9.7925,9.815,9.76,,12/13/17
9.8175,9.7575,9.8625,9.75,,12/12/17
9.89,9.825,9.89,9.815,,12/11/17
9.9175,9.8975,9.965,9.86,,12/08/17
10.035,9.92,10.065,9.8825,,12/07/17
10.08,10.0275,10.1425,9.95,,12/06/17
9.985,10.085,10.15,9.975,,12/05/17
9.9825,9.985,10.085,9.9675,,12/04/17
9.8575,9.9425,9.9575,9.855,,12/01/17
9.9275,9.8575,9.93,9.85,,11/30/17
9.9325,9.925,9.965,9.8925,,11/29/17
9.96,9.93,9.96,9.875,,11/28/17
9.9375,9.96,10.015,9.905,,11/27/17
9.95,9.9325,9.9975,9.91,,11/24/17
9.885,9.9725,9.995,9.875,,11/22/17
9.9,9.89,9.9125,9.8625,,11/21/17
9.9,9.9,9.92,9.83,,11/20/17
9.7275,9.905,9.92,9.715,,11/17/17
9.765,9.72,9.7825,9.7025,,11/16/17
0,9.7625,9.78,0,,11/15/17
9.66,9.59,9.6725,9.585,,11/14/17
9.7725,9.635,9.78,9.6325,,11/13/17
9.7675,9.7725,9.8125,9.745,,11/10/17
9.88,9.7525,9.945,9.74,,11/09/17
9.8525,9.88,9.8875,9.8425,,11/08/17
9.86,9.86,9.8825,9.8175,,11/07/17
9.7725,9.84,9.855,9.7525,,11/06/17
9.8825,9.77,9.885,9.76,,11/03/17
9.795,9.89,9.895,9.795,,11/02/17
9.745,9.81,9.845,9.7375,,11/01/17
9.7275,9.7375,9.775,9.71,,10/31/17
9.7525,9.7275,9.815,9.7125,,10/30/17
9.71,9.7525,9.765,9.6975,,10/27/17
9.755,9.7125,9.7875,9.7025,,10/26/17
9.7575,9.755,9.8325,9.7525,,10/25/17
9.8,9.755,9.83,9.7275,,10/24/17
9.77,9.8075,9.8275,9.75,,10/23/17
9.8525,9.7875,9.9425,9.78,,10/20/17
9.8375,9.865,9.89,9.83,,10/19/17
9.8475,9.8425,9.885,9.8175,,10/18/17
9.9,9.8475,9.905,9.825,,10/17/17
9.98,9.91,9.99,9.9025,,10/16/17
9.91,10.0025,10.0325,9.9025,,10/13/17
9.65,9.92,9.9775,9.59,,10/12/17
9.655,9.6525,9.675,9.635,,10/11/17
9.6625,9.66,9.7575,9.6425,,10/10/17
9.745,9.6675,9.77,9.6525,,10/09/17
9.68,9.7225,9.7375,9.635,,10/06/17
9.5825,9.6825,9.71,9.5775,,10/05/17
9.5525,9.5825,9.6175,9.5275,,10/04/17
9.5675,9.5525,9.6125,9.525,,10/03/17
9.675,9.5725,9.68,9.5625,,10/02/17
9.5925,9.6825,9.76,9.5525,,09/29/17
9.6525,9.595,9.66,9.575,,09/28/17
9.635,9.655,9.685,9.58,,09/27/17
9.7125,9.635,9.7425,9.625,,09/26/17
9.835,9.7125,9.8575,9.71,,09/25/17
9.7,9.8425,9.87,9.69,,09/22/17
9.695,9.7075,9.73,9.63,,09/21/17
9.66,9.7,9.74,9.6475,,09/20/17
9.685,9.655,9.7175,9.585,,09/19/17
9.6625,9.6775,9.765,9.66,,09/18/17
0,9.6875,9.7775,9.6725,,09/15/17
9.675,9.6725,9.69,9.675,,09/14/17
9.49,9.53,9.53,9.44,,09/13/17
9.5525,9.4425,9.5525,9.375,,09/12/17
9.55,9.5475,9.555,9.52,,09/11/17
9.6675,9.565,9.68,9.5625,,09/08/17
9.63,9.6325,9.7,9.5925,,09/07/17
9.605,9.645,9.6825,9.6,,09/06/17
9.45,9.605,9.65,9.45,,09/05/17
9.3725,9.42,9.4325,9.355,,09/01/17
9.235,9.3625,9.3975,9.235,,08/31/17
9.2975,9.23,9.3375,9.2175,,08/30/17
9.345,9.3075,9.3725,9.295,,08/29/17
9.36,9.3525,9.44,9.325,,08/28/17
9.395,9.39,9.4175,9.3725,,08/25/17
9.34,9.4125,9.4275,9.3225,,08/24/17
9.4025,9.35,9.4325,9.29,,08/23/17
9.3125,9.3375,9.385,9.2775,,08/22/17
9.3525,9.325,9.36,9.3025,,08/21/17
9.2975,9.375,9.39,9.2775,,08/18/17
9.24,9.3025,9.3175,9.22,,08/17/17
9.2125,9.2175,9.2525,9.1725,,08/16/17
0,9.2175,0,9.2025,,08/15/17
9.265,9.255,9.265,9.25,,08/14/17
9.34,9.355,9.3575,9.3125,,08/11/17
9.6375,9.3075,9.7475,9.34,,08/10/17
9.64,9.63,9.6525,9.58,,08/09/17
9.67,9.63,9.675,9.625,,08/08/17
9.56,9.5975,9.605,9.525,,08/07/17
9.48,9.4925,9.54,9.48,,08/04/17
9.655,9.505,9.655,9.455,,08/03/17
9.6075,9.665,9.6825,9.6,,08/02/17
9.8525,9.595,9.8675,9.5825,,08/01/17
9.915,9.945,9.965,9.825,,07/31/17
9.9275,10.0075,10.075,9.8975,,07/28/17
9.9175,9.9475,10.0075,9.875,,07/27/17
9.8,9.8875,9.91,9.7325,,07/26/17
10.12,9.815,10.2275,9.81,,07/25/17
10.0025,9.975,10.005,9.8575,,07/24/17
10.1125,10.09,10.1325,10.0175,,07/21/17
9.99,10.1325,10.1725,9.95,,07/20/17
9.9025,9.9975,10.0475,9.845,,07/19/17
9.9725,9.895,10.0425,9.8575,,07/18/17
9.89,9.85,9.95,9.8175,,07/17/17
9.78,9.89,9.87,9.78,,07/14/17
9.97,9.725,9.97,9.805,,07/13/17
10.23,10.1675,10.2425,10.1075,,07/12/17
10.2775,10.2525,10.2775,10.105,,07/11/17
10.01,10.2025,10.245,10.01,,07/10/17
9.79,9.96,9.975,9.79,,07/07/17
9.79,9.8075,9.8,9.7,,07/06/17
9.7175,9.7625,9.81,9.64,,07/05/17
9.495,9.6475,9.76,9.495,,07/03/17
9.15,9.4225,9.455,9.1225,,06/30/17
9.1425,9.155,9.2775,9.1425,,06/29/17
9.105,9.14,9.175,9.105,,06/28/17
9.09,9.1125,9.18,9.09,,06/27/17
9.04,9.0675,9.1225,9.0375,,06/26/17
9.065,9.045,9.09,9.0025,,06/23/17
9.1925,9.04,9.205,9.03,,06/22/17
9.28,9.1875,9.325,9.17,,06/21/17
9.3725,9.2775,9.4075,9.26,,06/20/17
9.365,9.3775,9.475,9.3375,,06/19/17
9.3575,9.39,9.4225,9.32,,06/16/17
9.3175,9.3475,9.385,9.255,,06/15/17
9.32,9.3175,9.39,9.31,,06/14/17
9.3375,9.325,9.415,9.3175,,06/13/17
9.42,9.3125,9.4325,9.3025,,06/12/17
9.37,9.415,9.44,9.3275,,06/09/17
9.31,9.38,9.4475,9.3075,,06/08/17
9.245,9.3075,9.345,9.245,,06/07/17
9.21,9.235,9.3425,9.2,,06/06/17
9.245,9.22,9.265,9.1775,,06/05/17
9.1225,9.2125,9.24,9.1075,,06/02/17
9.16,9.1225,9.2075,9.115,,06/01/17
9.1525,9.16,9.205,9.095,,05/31/17
9.26,9.1275,9.285,9.105,,05/30/17
9.395,9.265,9.41,9.2525,,05/26/17
9.4775,9.395,9.5225,9.3825,,05/25/17
9.485,9.4825,9.52,9.43,,05/24/17
9.5625,9.4825,9.5925,9.47,,05/23/17
9.53,9.565,9.61,9.53,,05/22/17
9.455,9.53,9.5625,9.445,,05/19/17
9.725,9.4475,9.725,9.4275,,05/18/17
9.755,9.7575,9.805,9.735,,05/17/17
9.6475,9.7625,9.7725,9.64,,05/16/17
9.625,9.6525,9.73,9.62,,05/15/17
9.535,9.54,9.535,9.535,,05/12/17
9.625,9.56,9.65,9.55,,05/11/17
9.6525,9.6175,9.8,9.585,,05/10/17
9.5625,9.6525,9.68,9.5625,,05/09/17
9.625,9.5625,9.625,9.545,,05/08/17
9.655,9.63,9.735,9.6,,05/05/17
9.6525,9.6525,9.705,9.6175,,05/04/17
9.595,9.655,9.66,9.59,,05/03/17
9.585,9.58,9.6775,9.55,,05/02/17
9.5,9.59,9.63,9.5,,05/01/17
9.45,9.4525,9.47,9.415,,04/28/17
9.445,9.4575,9.505,9.435,,04/27/17
9.55,9.4575,9.58,9.445,,04/26/17
9.59,9.545,9.61,9.54,,04/25/17
9.515,9.6125,9.6225,9.515,,04/24/17
9.46,9.51,9.5275,9.4475,,04/21/17
9.5,9.4675,9.5575,9.46,,04/20/17
9.47,9.5025,9.545,9.4275,,04/19/17
9.525,9.46,9.55,9.3975,,04/18/17
9.5875,9.5325,9.62,9.515,,04/17/17
9.4725,9.555,9.595,9.4675,,04/13/17
9.4225,9.4775,9.515,9.4125,,04/12/17
9.4175,9.3925,9.45,9.2975,,04/11/17
9.4425,9.4175,9.49,9.3925,,04/10/17
9.385,9.42,9.455,9.375,,04/07/17
9.44,9.415,9.465,9.385,,04/06/17
9.375,9.4425,9.485,9.3725,,04/05/17
9.3925,9.3775,9.4275,9.365,,04/04/17
9.4625,9.3825,9.4925,9.3725,,04/03/17
9.6175,9.46,9.665,9.4425,,03/31/17
9.695,9.63,9.7,9.61,,03/30/17
9.705,9.69,9.76,9.6725,,03/29/17
9.7125,9.72,9.765,9.7,,03/28/17
9.76,9.715,9.785,9.6825,,03/27/17
9.905,9.7575,9.91,9.7225,,03/24/17
9.9925,9.91,10.02,9.9025,,03/23/17
10.01,9.9975,10.0325,9.94,,03/22/17
10,10.015,10.08,9.95,,03/21/17
10.0375,9.995,10.0875,9.9825,,03/20/17
10.015,10,10.045,9.9425,,03/17/17
10,10.015,10.065,9.9575,,03/16/17
0,9.98,10.0775,9.9525,,03/15/17
9.965,9.8725,9.965,9.83,,03/14/17
9.9625,9.9625,10,9.955,,03/13/17
9.995,9.9625,10.0175,9.9275,,03/10/17
10.09,10.0025,10.09,9.9575,,03/09/17
10.14,10.11,10.1475,10.08,,03/08/17
10.2675,10.1475,10.27,10.12,,03/07/17
10.275,10.2675,10.3625,10.26,,03/06/17
10.275,10.27,10.3025,10.195,,03/03/17
10.3975,10.2675,10.4025,10.22,,03/02/17
10.2525,10.4125,10.415,10.25,,03/01/17
10.13,10.25,10.45,10.125,,02/28/17
10.155,10.11,10.185,10.06,,02/27/17
10.1225,10.135,10.1625,10.0925,,02/24/17
10.23,10.115,10.27,10.1,,02/23/17
10.2725,10.2275,10.3175,10.2225,,02/22/17
10.3325,10.2625,10.445,10.26,,02/21/17
10.43,10.325,10.4625,10.31,,02/17/17
10.6025,10.4375,10.6275,10.4225,,02/16/17
10.4525,10.6125,10.615,10.4025,,02/15/17
10.55,10.45,10.56,10.425,,02/14/17
10.5925,10.5425,10.6175,10.505,,02/13/17
10.5,10.59,10.635,10.475,,02/10/17
10.57,10.505,10.615,10.45,,02/09/17
10.4175,10.5875,10.5975,10.4,,02/08/17
10.3825,10.4275,10.4325,10.32,,02/07/17
10.27,10.36,10.425,10.2625,,02/06/17
10.3675,10.27,10.4425,10.2625,,02/03/17
10.3725,10.3725,10.4175,10.3125,,02/02/17
10.245,10.3675,10.375,10.17,,02/01/17
10.23,10.245,10.265,10.195,,01/31/17
10.44,10.2275,10.4425,10.1925,,01/30/17
10.47,10.4925,10.52,10.4325,,01/27/17
10.555,10.495,10.585,10.455,,01/26/17
10.57,10.5525,10.6,10.5,,01/25/17
10.5975,10.585,10.68,10.5125,,01/24/17
10.675,10.5775,10.6975,10.5525,,01/23/17
10.7,10.675,10.7125,10.6,,01/20/17
10.73,10.7025,10.7725,10.6675,,01/19/17
10.68,10.75,10.8,10.625,,01/18/17
10.54,10.6925,10.755,10.52,,01/17/17
10.295,10.425,10.43,10.255,,01/13/17
10.0275,10.32,10.33,9.985,,01/12/17
10.045,10.03,10.045,9.93,,01/11/17
9.9375,10.055,10.0575,9.9,,01/10/17
9.8625,9.965,9.9675,9.86,,01/09/17
10.035,9.86,10.035,9.85,,01/06/17
10.055,10.035,10.06,9.9825,,01/05/17
9.86,10.0625,10.065,9.84,,01/04/17
9.96,9.8675,10.0275,9.865,,01/03/17
10.035,9.965,10.105,9.95,,12/30/16
10.065,10.0325,10.14,10.02,,12/29/16
10.14,10.0675,10.1875,10.015,,12/28/16
9.8975,10.1475,10.1525,9.8925,,12/27/16
9.9425,9.89,9.9675,9.8775,,12/23/16
10.0775,9.945,10.0875,9.935,,12/22/16
10.0525,10.0675,10.1225,10.05,,12/21/16
10.2125,10.0525,10.24,10.04,,12/20/16
10.34,10.215,10.39,10.205,,12/19/16
10.2925,10.3675,10.38,10.23,,12/16/16
10.235,10.29,10.385,10.185,,12/15/16
10.2725,10.2375,10.2925,10.2075,,12/14/16
10.3125,10.28,10.3875,10.2525,,12/13/16
10.4175,10.31,10.475,10.265,,12/12/16
10.26,10.375,10.395,10.215,,12/09/16
10.49,10.27,10.49,10.235,,12/08/16
10.47,10.49,10.53,10.3975,,12/07/16
10.425,10.4775,10.6175,10.39,,12/06/16
10.305,10.435,10.4975,10.2775,,12/05/16
10.33,10.275,10.3775,10.265,,12/02/16
10.335,10.2975,10.4,10.2225,,12/01/16
10.43,10.3225,10.5275,10.3125,,11/30/16
10.55,10.425,10.5875,10.3925,,11/29/16
10.4325,10.56,10.65,10.425,,11/28/16
10.32,10.46,10.4675,10.295,,11/25/16
10.3025,10.3425,10.3575,10.1725,,11/23/16
10.2,10.3,10.3325,10.1525,,11/22/16
9.955,10.2025,10.215,9.955,,11/21/16
9.89,9.9375,9.965,9.8225,,11/18/16
9.8525,9.895,9.9375,9.81,,11/17/16
9.9325,9.8575,9.9775,9.8275,,11/16/16
0,9.895,9.9275,9.7875,,11/15/16
9.8075,9.71,9.8225,9.68,,11/14/16
9.97,9.785,10.055,9.695,,11/11/16
9.8225,9.89,10.0775,9.82,,11/10/16
10,9.82,10.07,9.755,,11/09/16
9.895,10.0175,10.1125,9.89,,11/08/16
9.8175,9.8925,9.92,9.8175,,11/07/16
9.805,9.815,9.855,9.75,,11/04/16
9.765,9.7975,9.845,9.765,,11/03/16
9.83,9.7675,9.8625,9.735,,11/02/16
10.02,9.8425,10.0525,9.83,,11/01/16
10.02,10.0225,10.08,9.9625,,10/31/16
10.13,10.0125,10.175,9.995,,10/28/16
10.085,10.1425,10.2,10.0275,,10/27/16
9.9025,10.1,10.11,9.8875,,10/26/16
9.9125,9.9075,9.97,9.8125,,10/25/16
9.8275,9.92,9.9975,9.8,,10/24/16
9.7625,9.83,9.8425,9.745,,10/21/16
9.8125,9.755,9.8975,9.7325,,10/20/16
9.72,9.815,9.8275,9.71,,10/19/16
9.775,9.725,9.87,9.715,,10/18/16
9.6175,9.7825,9.79,9.61,,10/17/16
9.555,9.625,9.7425,9.52,,10/14/16
9.46,9.5625,9.595,9.3725,,10/13/16
9.53,9.455,9.7125,9.4325,,10/12/16
9.535,9.5425,9.6075,9.515,,10/11/16
9.5575,9.545,9.6425,9.5,,10/10/16
9.5875,9.5675,9.7325,9.5525,,10/07/16
9.56,9.585,9.5975,9.4725,,10/06/16
9.635,9.5675,9.675,9.505,,10/05/16
9.7075,9.635,9.72,9.6025,,10/04/16
9.525,9.73,9.75,9.465,,10/03/16
9.5,9.54,9.585,9.43,,09/30/16
9.47,9.5025,9.5725,9.46,,09/29/16
9.5175,9.455,9.5575,9.445,,09/28/16
9.4675,9.525,9.535,9.34,,09/27/16
9.515,9.4525,9.6025,9.4375,,09/26/16
9.75,9.55,9.7625,9.525,,09/23/16
9.75,9.765,9.835,9.7025,,09/22/16
9.8825,9.755,9.9025,9.715,,09/21/16
9.735,9.8975,9.94,9.7075,,09/20/16
9.705,9.725,9.8125,9.6625,,09/19/16
9.49,9.66,9.69,9.4575,,09/16/16
0,9.505,9.53,9.4125,,09/15/16
9.7175,9.72,9.7175,9.6775,,09/14/16
9.825,9.6825,9.825,9.685,,09/13/16
9.9025,9.845,10.0675,9.8,,09/12/16
9.895,9.9725,9.9975,9.885,,09/09/16
9.945,9.92,9.9925,9.8775,,09/08/16
9.805,9.9175,9.935,9.805,,09/07/16
9.69,9.7425,9.78,9.655,,09/06/16
9.6,9.685,9.71,9.6,,09/02/16
9.6025,9.59,9.65,9.54,,09/01/16
9.665,9.6,9.705,9.56,,08/31/16
9.84,9.655,9.86,9.605,,08/30/16
9.9175,9.8325,9.9825,9.815,,08/29/16
9.965,9.9075,10.0225,9.825,,08/26/16
10.2975,9.9825,10.2975,9.97,,08/25/16
10.335,10.3075,10.36,10.22,,08/24/16
10.305,10.3425,10.3675,10.265,,08/23/16
10.255,10.3525,10.4125,10.23,,08/22/16
10.325,10.27,10.35,10.17,,08/19/16
10.37,10.3225,10.37,10.12,,08/18/16
10.2075,10.305,10.31,10.16,,08/17/16
10.2225,10.195,10.285,10.1225,,08/16/16
9.985,10.2375,10.265,9.97,,08/15/16
10.235,10.0325,10.235,9.945,,08/12/16
10.2225,10.2225,10.28,10.175,,08/11/16
10.27,10.17,10.305,10.08,,08/10/16
10.18,10.22,10.32,10.115,,08/09/16
10.125,10.1875,10.18,10.0625,,08/08/16
9.905,10.0375,10.12,9.905,,08/05/16
9.9,9.905,10.0025,9.8525,,08/04/16
9.87,9.905,10.005,9.8575,,08/03/16
9.9425,9.8525,9.985,9.76,,08/02/16
10.245,9.96,10.3075,9.92,,08/01/16
10.0525,10.325,10.3425,9.9625,,07/29/16
10.125,10.035,10.22,9.98,,07/28/16
9.94,10.105,10.155,9.9125,,07/27/16
9.84,9.935,10.0275,9.805,,07/26/16
9.9825,9.8375,10.105,9.8175,,07/25/16
10.3425,10.065,10.37,9.85,,07/22/16
10.26,10.325,10.425,10.2375,,07/21/16
10.47,10.27,10.5625,10.25,,07/20/16
10.765,10.44,10.79,10.41,,07/19/16
10.62,10.7825,10.8225,10.5025,,07/18/16
0,10.725,10.975,10.57,,07/15/16
11.335,11.115,11.435,11.215,,07/14/16
11.1225,11.28,11.4,11.1225,,07/13/16
10.8,11.0725,11.07,10.8,,07/12/16
11.05,10.8275,11.05,10.8175,,07/11/16
10.54,10.8975,10.9075,10.535,,07/08/16
11.1125,10.5425,11.1175,10.5425,,07/07/16
11.15,11.0625,11.1775,10.7,,07/06/16
11.5025,11.17,11.5025,11.1,,07/05/16
11.75,11.6875,11.765,11.6475,,07/01/16
11.45,11.75,11.82,11.22,,06/30/16
11.4825,11.445,11.5575,11.4,,06/29/16
11.305,11.505,11.655,11.2825,,06/28/16
11.0425,11.33,11.385,11.03,,06/27/16
11.2475,11.03,11.32,10.9925,,06/24/16
11.39,11.245,11.43,11.23,,06/23/16
11.315,11.375,11.47,11.26,,06/22/16
11.45,11.3325,11.5175,11.2875,,06/21/16
11.535,11.435,11.5675,11.4025,,06/20/16
11.3375,11.595,11.6,11.325,,06/17/16
11.555,11.345,11.6,11.285,,06/16/16
11.7125,11.56,11.78,11.545,,06/15/16
11.68,11.695,11.765,11.5275,,06/14/16
11.9175,11.69,11.9875,11.6725,,06/13/16
11.745,11.7825,12.085,11.6875,,06/10/16
11.77,11.76,11.85,11.6625,,06/09/16
11.4025,11.7775,11.8925,11.38,,06/08/16
11.3675,11.4125,11.4875,11.29,,06/07/16
11.4325,11.3825,11.62,11.36,,06/06/16
11.42,11.32,11.69,11.2725,,06/03/16
11.0125,11.4425,11.46,11.0075,,06/02/16
10.7875,10.9975,11.025,10.68,,06/01/16
10.86,10.785,10.96,10.77,,05/31/16
10.79,10.865,10.9075,10.7175,,05/27/16
10.8475,10.7975,10.98,10.7325,,05/26/16
10.5675,10.855,10.88,10.5475,,05/25/16
10.575,10.5475,10.6975,10.435,,05/24/16
10.7425,10.585,10.79,10.52,,05/23/16
10.7175,10.7425,10.875,10.6325,,05/20/16
10.7375,10.715,10.7475,10.51,,05/19/16
10.795,10.7525,10.88,10.6375,,05/18/16
10.6375,10.8025,10.8675,10.6275,,05/17/16
10.63,10.645,10.7175,10.55,,05/16/16
10.565,10.55,10.5975,10.52,,05/13/16
10.7,10.645,10.805,10.5575,,05/12/16
10.7225,10.6975,10.8225,10.655,,05/11/16
10.185,10.76,10.82,10.185,,05/10/16
10.3125,10.1875,10.32,10.12,,05/09/16
10.02,10.2625,10.3,10,,05/06/16
10.2725,10.035,10.355,10.0425,,05/05/16
10.17,10.245,10.36,10.1275,,05/04/16
10.35,10.215,10.475,10.15,,05/03/16
10.215,10.355,10.3625,10.1225,,05/02/16
10.1525,10.21,10.29,10.09,,04/29/16
10.155,10.18,10.3675,10.085,,04/28/16
10.17,10.19,10.2,10.02,,04/27/16
9.9925,10.1775,10.1875,9.9175,,04/26/16
9.85,9.9975,10.2,9.7725,,04/25/16
10.1675,9.87,10.1725,9.79,,04/22/16
10.0775,10.1875,10.3475,10.025,,04/21/16
9.815,10.0975,10.1225,9.7575,,04/20/16
9.5425,9.855,9.87,9.53,,04/19/16
9.55,9.5425,9.6425,9.4975,,04/18/16
9.475,9.56,9.5825,9.465,,04/15/16
9.5525,9.48,9.595,9.455,,04/14/16
9.38,9.5575,9.5775,9.3725,,04/13/16
9.275,9.3625,9.3875,9.2475,,04/12/16
9.1625,9.2825,9.295,9.155,,04/11/16
9.0525,9.1675,9.17,9.03,,04/08/16
9.08,9.045,9.0975,9.035,,04/07/16
9.0425,9.08,9.0975,9.01,,04/06/16
9.115,9.0475,9.165,9.04,,04/05/16
9.185,9.135,9.2225,9.1275,,04/04/16
9.0925,9.1825,9.2,9.0825,,04/01/16
9.085,9.1075,9.14,8.96,,03/31/16
9.1525,9.09,9.17,9.0825,,03/30/16
9.0825,9.16,9.17,9.07,,03/29/16
9.11,9.09,9.1475,9.0625,,03/28/16
9.0525,9.105,9.1175,9.02,,03/24/16
9.095,9.0525,9.125,9.015,,03/23/16
9.015,9.1025,9.14,9,,03/22/16
8.95,9.02,9.05,8.9225,,03/21/16
8.97,8.975,9.0475,8.96,,03/18/16
8.95,8.9775,9.045,8.935,,03/17/16
8.915,8.945,8.9475,8.86,,03/16/16
0,8.92,0,8.885,,03/15/16
8.89,8.88,8.9,8.8875,,03/14/16
8.8275,8.88,8.8875,8.8275,,03/11/16
8.8,8.8175,8.825,8.755,,03/10/16
8.8,8.8,8.825,8.775,,03/09/16
8.72,8.775,8.775,8.7075,,03/08/16
8.75,8.735,8.7975,8.73,,03/07/16
8.605,8.705,8.7175,8.605,,03/04/16
8.55,8.5625,8.58,8.505,,03/03/16
8.5025,8.5425,8.575,8.49,,03/02/16
8.53,8.5075,8.5825,8.4975,,03/01/16
8.54,8.53,8.57,8.52,,02/29/16
8.6,8.55,8.625,8.545,,02/26/16
8.67,8.59,8.71,8.585,,02/25/16
8.6925,8.675,8.705,8.645,,02/24/16
8.8,8.6925,8.8025,8.68,,02/23/16
8.8175,8.81,8.875,8.8025,,02/22/16
8.795,8.7825,8.8175,8.7775,,02/19/16
8.8225,8.7975,8.8275,8.78,,02/18/16
8.79,8.825,8.8525,8.7675,,02/17/16
8.755,8.7975,8.8275,8.7325,,02/16/16
8.73,8.7275,8.755,8.685,,02/12/16
8.6225,8.735,8.7425,8.62,,02/11/16
8.635,8.6225,8.6625,8.615,,02/10/16
8.6275,8.6325,8.665,8.595,,02/09/16
8.675,8.625,8.6875,8.615,,02/08/16
8.7575,8.675,8.79,8.6725,,02/05/16
8.78,8.745,8.8425,8.7275,,02/04/16
8.855,8.7675,8.86,8.7425,,02/03/16
8.8025,8.8625,8.895,8.7825,,02/02/16
8.83,8.8075,8.8325,8.76,,02/01/16
8.6875,8.8225,8.83,8.67,,01/29/16
8.825,8.6775,8.8425,8.6725,,01/28/16
8.76,8.83,8.85,8.755,,01/27/16
8.7975,8.765,8.825,8.755,,01/26/16
8.765,8.805,8.82,8.7075,,01/25/16
8.79,8.765,8.865,8.745,,01/22/16
8.745,8.785,8.8575,8.7225,,01/21/16
8.82,8.74,8.8375,8.705,,01/20/16
8.81,8.835,8.88,8.805,,01/19/16
0,8.79,0,8.71,,01/15/16
8.97,8.96,9.005,8.92,,01/14/16
8.92,8.99,8.99,8.9075,,01/13/16
8.815,8.9075,8.995,8.755,,01/12/16
8.8,8.81,8.8575,8.78,,01/11/16
8.775,8.795,8.8475,8.775,,01/08/16
8.7575,8.77,8.8,8.6975,,01/07/16
8.67,8.7575,8.78,8.6175,,01/06/16
8.6625,8.6775,8.7325,8.6625,,01/05/16
8.7075,8.645,8.735,8.6175,,01/04/16
8.75,8.7125,8.7925,8.7,,12/31/15
8.7,8.755,8.7825,8.69,,12/30/15
8.665,8.7,8.7625,8.65,,12/29/15
8.73,8.65,8.745,8.64,,12/28/15
8.8275,8.7525,8.85,8.75,,12/24/15
8.85,8.8175,8.8875,8.81,,12/23/15
8.91,8.8525,8.95,8.85,,12/22/15
8.92,8.9125,8.9625,8.87,,12/21/15
8.76,8.9225,8.935,8.7325,,12/18/15
8.6,8.77,8.7825,8.54,,12/17/15
8.67,8.625,8.71,8.56,,12/16/15
8.735,8.6725,8.775,8.665,,12/15/15
8.7075,8.7425,8.7775,8.68,,12/14/15
8.7825,8.7075,8.8425,8.7,,12/11/15
8.77,8.7825,8.865,8.7275,,12/10/15
8.77,8.7675,8.8375,8.6975,,12/09/15
8.86,8.7675,8.87,8.7275,,12/08/15
9.06,8.8225,9.0975,8.8125,,12/07/15
8.97,9.06,9.07,8.9275,,12/04/15
8.91,8.975,8.98,8.85,,12/03/15
8.89,8.9225,8.9475,8.845,,12/02/15
8.81,8.8925,8.9175,8.8,,12/01/15
8.73,8.81,8.8325,8.7025,,11/30/15
8.7425,8.73,8.7775,8.71,,11/27/15
8.63,8.7525,8.77,8.615,,11/25/15
8.64,8.6375,8.6925,8.6125,,11/24/15
8.55,8.6425,8.6525,8.4425,,11/23/15
8.6,8.575,8.6125,8.52,,11/20/15
8.58,8.6,8.63,8.525,,11/19/15
8.64,8.5775,8.675,8.525,,11/18/15
8.595,8.64,8.65,8.5775,,11/17/15
8.5425,8.595,8.605,8.5125,,11/16/15
8.7175,8.59,8.7175,8.605,,11/13/15
8.6975,8.6925,8.7475,8.6525,,11/12/15
8.6575,8.685,8.6975,8.635,,11/11/15
8.75,8.645,8.7525,8.5925,,11/10/15
8.72,8.735,8.7725,8.7125,,11/09/15
8.68,8.7125,8.73,8.6325,,11/06/15
8.825,8.6775,8.825,8.6725,,11/05/15
8.785,8.82,8.8625,8.785,,11/04/15
8.785,8.785,8.875,8.75,,11/03/15
8.8375,8.7775,8.8925,8.7725,,11/02/15
8.77,8.8375,8.8675,8.7675,,10/30/15
8.81,8.7875,8.85,8.7325,,10/29/15
8.905,8.815,8.91,8.81,,10/28/15
8.8575,8.9125,8.9525,8.82,,10/27/15
8.95,8.85,8.995,8.84,,10/26/15
8.9875,8.955,9.01,8.92,,10/23/15
9.05,8.9875,9.13,8.975,,10/22/15
8.96,9.0525,9.07,8.945,,10/21/15
8.9025,8.96,9.0175,8.895,,10/20/15
8.975,8.91,9.005,8.9075,,10/19/15
9.0425,8.9825,9.105,8.9725,,10/16/15
9.09,9.0525,9.1575,9.04,,10/15/15
9.12,9.105,9.1975,9.09,,10/14/15
8.8625,9.14,9.15,8.86,,10/13/15
8.855,8.875,8.945,8.855,,10/12/15
8.805,8.8575,8.97,8.715,,10/09/15
8.9,8.8125,8.9175,8.8,,10/08/15
8.8725,8.91,8.96,8.8575,,10/07/15
8.7925,8.88,8.955,8.7925,,10/06/15
8.74,8.8425,8.86,8.72,,10/05/15
8.77,8.7425,8.82,8.6825,,10/02/15
8.915,8.7725,8.9925,8.7675,,10/01/15
8.835,8.92,9.0225,8.8125,,09/30/15
8.7625,8.8425,8.8475,8.735,,09/29/15
8.88,8.7675,8.92,8.7575,,09/28/15
8.69,8.8925,8.9,8.69,,09/25/15
8.63,8.68,8.6925,8.58,,09/24/15
8.6125,8.6375,8.695,8.61,,09/23/15
8.7125,8.6175,8.735,8.61,,09/22/15
8.68,8.7425,8.7725,8.65,,09/21/15
8.8375,8.6725,8.865,8.665,,09/18/15
8.8675,8.845,8.905,8.805,,09/17/15
8.89,8.8725,8.945,8.8325,,09/16/15
0,8.89,8.945,8.83,,09/15/15
8.8725,8.8275,8.98,8.8275,,09/14/15
8.86,8.8775,8.8875,8.66,,09/11/15
8.8275,8.845,8.88,8.8275,,09/10/15
8.8825,8.8275,8.94,8.825,,09/09/15
8.84,8.9075,8.95,8.8225,,09/08/15
8.7975,8.7725,8.855,8.77,,09/04/15
8.8375,8.7975,8.9125,8.785,,09/03/15
8.825,8.8375,8.885,8.7425,,09/02/15
8.9175,8.8475,8.9475,8.7875,,09/01/15
8.9425,8.975,8.98,8.8075,,08/31/15
8.8725,8.9325,8.9575,8.84,,08/28/15
8.795,8.8625,8.9425,8.795,,08/27/15
8.9325,8.7775,8.985,8.77,,08/26/15
8.93,8.9425,9.08,8.88,,08/25/15
8.995,8.9275,9.0625,8.74,,08/24/15
9.2,9.0525,9.21,9.0375,,08/21/15
9.0475,9.215,9.23,8.9825,,08/20/15
9.13,9.035,9.1725,8.9975,,08/19/15
9.2525,9.1325,9.2925,9.1225,,08/18/15
9.2,9.27,9.335,9.1925,,08/17/15
9.9125,9.2525,9.9125,9.65,,08/14/15
9.53,9.93,9.95,9.53,,08/13/15
10.1875,9.51,10.1875,9.5,,08/12/15
10.39,10.14,10.395,10.13,,08/11/15
10.105,10.4475,10.4575,10.105,,08/10/15
9.82,10.09,10.1025,9.82,,08/07/15
9.91,9.855,9.92,9.8375,,08/06/15
9.745,9.9175,9.9225,9.745,,08/05/15
9.775,9.76,9.865,9.71,,08/04/15
9.78,9.775,9.8375,9.715,,08/03/15
9.93,9.8075,9.9525,9.79,,07/31/15
9.82,9.9025,10.0225,9.82,,07/30/15
9.7675,9.83,9.8875,9.7175,,07/29/15
9.63,9.7475,9.7675,9.6275,,07/28/15
9.88,9.6125,9.8825,9.5975,,07/27/15
10.105,9.9125,10.1125,9.8875,,07/24/15
10.2125,10.1,10.29,10.0425,,07/23/15
10.1875,10.2075,10.275,10.115,,07/22/15
10.11,10.1875,10.2,10.0825,,07/21/15
10.12,10.0775,10.1275,9.9825,,07/20/15
10.165,10.1475,10.2125,10.075,,07/17/15
10.2725,10.19,10.3825,10.1525,,07/16/15
0,10.25,0,10.1425,,07/15/15
10.525,10.39,10.6,10.39,,07/14/15
10.445,10.4525,10.515,10.3475,,07/13/15
10.3725,10.435,10.59,10.35,,07/10/15
10.0875,10.3775,10.4225,10.0875,,07/09/15
10.0825,10.0625,10.16,9.99,,07/08/15
10.29,10.02,10.3375,10.01,,07/07/15
10.37,10.3375,10.425,10.2625,,07/06/15
0,10.4525,0,0,,07/03/15
10.4175,10.4525,10.55,10.32,,07/02/15
10.535,10.44,10.6025,10.3875,,07/01/15
10.005,10.5625,10.5925,9.9375,,06/30/15
9.9725,10.025,10.1475,9.95,,06/29/15
9.99,10.02,10.245,9.9775,,06/26/15
9.81,10.0025,10.025,9.8,,06/25/15
9.8725,9.8175,9.905,9.79,,06/24/15
9.895,9.875,9.96,9.78,,06/23/15
9.725,9.895,9.9,9.715,,06/22/15
9.76,9.715,9.815,9.665,,06/19/15
9.67,9.7775,9.8175,9.62,,06/18/15
9.575,9.69,9.72,9.575,,06/17/15
9.39,9.575,9.59,9.3875,,06/16/15
9.4,9.3775,9.4375,9.3025,,06/15/15
9.39,9.4,9.47,9.3325,,06/12/15
9.4725,9.4,9.53,9.38,,06/11/15
9.515,9.495,9.5775,9.445,,06/10/15
9.46,9.515,9.55,9.4325,,06/09/15
9.3825,9.4425,9.51,9.3525,,06/08/15
9.445,9.3775,9.52,9.3525,,06/05/15
9.3475,9.465,9.4875,9.32,,06/04/15
9.415,9.3525,9.455,9.315,,06/03/15
9.26,9.4075,9.445,9.2525,,06/02/15
9.31,9.26,9.35,9.215,,06/01/15
9.26,9.34,9.375,9.2475,,05/29/15
9.27,9.26,9.3425,9.22,,05/28/15
9.22,9.27,9.3175,9.22,,05/27/15
9.2375,9.225,9.305,9.205,,05/26/15
9.38,9.2425,9.425,9.2275,,05/22/15
9.4125,9.385,9.465,9.3725,,05/21/15
9.4625,9.4125,9.4725,9.365,,05/20/15
9.5325,9.4625,9.56,9.42,,05/19/15
9.5325,9.545,9.645,9.5,,05/18/15
0,9.5325,0,9.5025,,05/15/15
9.7675,9.63,9.7875,9.63,,05/14/15
9.745,9.75,9.785,9.705,,05/13/15
9.82,9.67,9.9125,9.67,,05/12/15
9.83,9.83,9.89,9.815,,05/11/15
9.8275,9.845,9.8625,9.7775,,05/08/15
9.905,9.815,9.925,9.7925,,05/07/15
9.9325,9.905,10.005,9.8825,,05/06/15
9.825,9.935,9.945,9.815,,05/05/15
9.68,9.83,9.84,9.6675,,05/04/15
9.7975,9.685,9.805,9.645,,05/01/15
9.89,9.785,9.9725,9.75,,04/30/15
9.77,9.885,9.8975,9.74,,04/29/15
9.72,9.775,9.885,9.72,,04/28/15
9.68,9.73,9.79,9.65,,04/27/15
9.78,9.6975,9.81,9.6675,,04/24/15
9.7125,9.7825,9.83,9.71,,04/23/15
9.7375,9.705,9.765,9.6525,,04/22/15
9.7675,9.7525,9.77,9.6875,,04/21/15
9.68,9.775,9.81,9.675,,04/20/15
9.6525,9.6875,9.725,9.63,,04/17/15
9.64,9.66,9.7025,9.555,,04/16/15
9.5925,9.65,9.7675,9.5875,,04/15/15
9.4875,9.6025,9.615,9.485,,04/14/15
9.48,9.4875,9.575,9.4575,,04/13/15
9.54,9.515,9.585,9.445,,04/10/15
9.7125,9.535,9.72,9.5025,,04/09/15
9.71,9.715,9.75,9.6775,,04/08/15
9.7775,9.71,9.84,9.7,,04/07/15
9.85,9.785,9.9025,9.78,,04/06/15
0,9.86,0,0,,04/03/15
9.88,9.86,9.93,9.8075,,04/02/15
9.7325,9.8975,9.9175,9.7275,,04/01/15
9.67,9.7325,9.81,9.5125,,03/31/15
9.68,9.6775,9.7675,9.65,,03/30/15
9.74,9.6725,9.7625,9.65,,03/27/15
9.77,9.745,9.815,9.72,,03/26/15
9.8275,9.7875,9.8775,9.78,,03/25/15
9.8375,9.8175,9.85,9.7575,,03/24/15
9.745,9.835,9.9,9.7325,,03/23/15
9.6175,9.7375,9.8,9.6,,03/20/15
9.6925,9.6175,9.8025,9.565,,03/19/15
9.545,9.65,9.67,9.535,,03/18/15
9.68,9.545,9.73,9.535,,03/17/15
9.725,9.6925,9.78,9.675,,03/16/15
9.865,9.74,9.865,9.725,,03/13/15
9.89,9.865,9.925,9.8175,,03/12/15
9.79,9.89,9.915,9.79,,03/11/15
9.8725,9.8,9.89,9.78,,03/10/15
9.83,9.8825,9.9325,9.8125,,03/09/15
9.79,9.7925,9.8075,9.71,,03/06/15
9.9,9.7925,9.9125,9.79,,03/05/15
10.0875,9.89,10.1025,9.8825,,03/04/15
10.1175,10.0875,10.15,9.985,,03/03/15
10.2975,10.1125,10.3725,10.0875,,03/02/15
10.23,10.3075,10.355,10.2,,02/27/15
10.075,10.24,10.2475,10.06,,02/26/15
10.15,10.0775,10.215,10.02,,02/25/15
9.9925,10.16,10.29,9.99,,02/24/15
10.005,9.9925,10.065,9.92,,02/23/15
10.0675,9.9925,10.0975,9.9875,,02/20/15
9.9525,10.0725,10.17,9.9375,,02/19/15
10.07,9.9575,10.1225,9.9075,,02/18/15
9.92,10.0775,10.09,9.915,,02/17/15
9.8275,9.905,9.9775,9.8275,,02/13/15
9.7725,9.8375,9.85,9.735,,02/12/15
9.7075,9.7775,9.81,9.66,,02/11/15
9.7825,9.69,9.86,9.67,,02/10/15
9.735,9.785,9.8325,9.72,,02/09/15
9.8125,9.735,9.875,9.7125,,02/06/15
9.7,9.8125,9.8275,9.6925,,02/05/15
9.8525,9.72,9.9025,9.675,,02/04/15
9.5975,9.87,9.99,9.5975,,02/03/15
9.61,9.595,9.705,9.565,,02/02/15
9.68,9.61,9.7275,9.55,,01/30/15
9.695,9.6825,9.7775,9.67,,01/29/15
9.7275,9.7025,9.7775,9.6625,,01/28/15
9.8225,9.7375,9.855,9.7225,,01/27/15
9.7175,9.835,9.8425,9.67,,01/26/15
9.77,9.7275,9.805,9.6725,,01/23/15
9.8425,9.7675,9.925,9.75,,01/22/15
9.835,9.835,9.91,9.775,,01/21/15
9.82,9.82,9.8675,9.7225,,01/20/15
9.9125,9.9175,9.96,9.83,,01/16/15
0,9.91,10.1975,9.8525,,01/15/15
10.035,9.925,10.04,9.9175,,01/14/15
10.175,10,10.2225,9.98,,01/13/15
10.47,10.135,10.5875,10.13,,01/12/15
10.4425,10.515,10.52,10.4125,,01/09/15
10.515,10.45,10.57,10.4275,,01/08/15
10.4975,10.5275,10.5525,10.445,,01/07/15
10.375,10.51,10.525,10.34,,01/06/15
10.025,10.3975,10.4125,10.015,,01/05/15
10.1775,10.025,10.1775,10.0225,,01/02/15
10.355,10.1925,10.415,10.175,,12/31/14
10.415,10.3775,10.4975,10.3625,,12/30/14
10.4575,10.4175,10.6175,10.39,,12/29/14
10.285,10.475,10.485,10.285,,12/26/14
10.365,10.2875,10.415,10.255,,12/24/14
10.365,10.385,10.48,10.3325,,12/23/14
10.29,10.3825,10.4225,10.2525,,12/22/14
10.3475,10.305,10.3575,10.225,,12/19/14
10.27,10.35,10.4,10.24,,12/18/14
10.225,10.27,10.34,10.15,,12/17/14
10.3425,10.235,10.39,10.215,,12/16/14
10.5,10.395,10.55,10.355,,12/15/14
10.39,10.4725,10.54,10.315,,12/12/14
10.3275,10.4225,10.4825,10.2575,,12/11/14
10.4775,10.32,10.6025,10.2775,,12/10/14
10.43,10.4925,10.5,10.385,,12/09/14
10.35,10.4375,10.505,10.3,,12/08/14
10.0975,10.36,10.4075,10.035,,12/05/14
9.985,10.105,10.165,9.915,,12/04/14
9.955,9.9825,9.995,9.8375,,12/03/14
10.17,9.9575,10.22,9.95,,12/02/14
10.1075,10.17,10.225,10.065,,12/01/14
10.41,10.16,10.515,10.13,,11/28/14
10.4925,10.47,10.5475,10.385,,11/26/14
10.3375,10.51,10.54,10.33,,11/25/14
10.3625,10.3375,10.3875,10.2675,,11/24/14
10.205,10.39,10.4,10.135,,11/21/14
10.0575,10.205,10.2225,10.05,,11/20/14
10.24,10.0475,10.25,10.0375,,11/19/14
10.3675,10.2325,10.42,10.21,,11/18/14
10.23,10.3625,10.385,10.145,,11/17/14
10.465,10.225,10.4775,10.2775,,11/14/14
10.485,10.505,10.6825,10.4475,,11/13/14
10.6725,10.4825,10.8675,10.445,,11/12/14
10.2575,10.665,10.75,10.2325,,11/11/14
10.4025,10.275,10.605,10.2425,,11/10/14
10.31,10.4025,10.4225,10.225,,11/07/14
10.205,10.31,10.44,10.1225,,11/06/14
10.0975,10.205,10.21,9.96,,11/05/14
10.2725,10.1,10.29,10.05,,11/04/14
10.43,10.2875,10.455,10.25,,11/03/14
10.23,10.465,10.5225,10.1225,,10/31/14
10.425,10.2425,10.5375,10.235,,10/30/14
10.05,10.43,10.45,10.04,,10/29/14
10.0425,10.08,10.345,10,,10/28/14
9.735,10.06,10.0825,9.6775,,10/27/14
9.915,9.775,10.02,9.765,,10/24/14
9.6075,9.9325,9.9425,9.56,,10/23/14
9.6125,9.6275,9.825,9.6025,,10/22/14
9.44,9.6425,9.6675,9.4275,,10/21/14
9.5,9.4425,9.5075,9.36,,10/20/14
9.66,9.5175,9.7275,9.5125,,10/17/14
9.495,9.665,9.675,9.4925,,10/16/14
9.625,9.525,9.785,9.5075,,10/15/14
9.4375,9.6475,9.705,9.4325,,10/14/14
9.2,9.4525,9.51,9.1575,,10/13/14
9.395,9.225,9.5125,9.2125,,10/10/14
9.34,9.42,9.45,9.325,,10/09/14
9.39,9.35,9.4975,9.265,,10/08/14
9.41,9.4075,9.55,9.3325,,10/07/14
9.14,9.4225,9.43,9.1225,,10/06/14
9.24,9.1225,9.2775,9.105,,10/03/14
9.1525,9.245,9.255,9.125,,10/02/14
9.11,9.1675,9.1975,9.04,,10/01/14
9.22,9.1325,9.3,9.0975,,09/30/14
9.0725,9.235,9.245,9.055,,09/29/14
9.22,9.1025,9.2475,9.0975,,09/26/14
9.36,9.2275,9.4175,9.2225,,09/25/14
9.35,9.3675,9.42,9.3425,,09/24/14
9.36,9.3625,9.445,9.31,,09/23/14
9.53,9.3825,9.5475,9.3425,,09/22/14
9.7125,9.57,9.72,9.56,86612.00,09/19/14
9.825,9.715,9.865,9.7075,71378.00,09/18/14
9.8,9.825,9.88,9.775,65467.00,09/17/14
9.8925,9.8075,9.9975,9.7675,115030.00,09/16/14
9.7675,9.895,9.945,9.7425,93406.00,09/15/14
10.66,9.8525,11.105,10.65,33.00,09/12/14
10.71,10.615,10.71,10.45,84.00,09/11/14
10.77,10.71,10.8675,10.71,66.00,09/10/14
10.9,10.765,10.945,10.76,94.00,09/09/14
10.9,10.9075,10.95,10.7625,124.00,09/08/14
10.685,10.855,10.8875,10.685,160.00,09/05/14
10.8,10.6425,10.825,10.64,416.00,09/04/14
10.9175,10.8075,10.9225,10.6525,336.00,09/03/14
10.9025,10.9725,11.08,10.85,378.00,09/02/14
0,10.7875,0,0,,09/01/14
10.7025,10.895,10.9575,10.7025,747.00,08/29/14
10.85,10.7375,11.23,10.6875,4048.00,08/28/14
10.7,10.8575,11.0775,10.6425,5955.00,08/27/14
11.23,10.755,11.23,10.7275,10700.00,08/26/14
11.615,11.2575,11.8925,11.2225,15366.00,08/25/14
11.37,11.66,11.705,11.37,20033.00,08/22/14
11.1975,11.3625,11.4,11.1975,14040.00,08/21/14
11.1925,11.1975,11.33,11.14,18004.00,08/20/14
11.125,11.2025,11.225,11.065,11217.00,08/19/14
11.0175,11.155,11.21,10.99,11944.00,08/18/14
0,11.025,11.135,10.9075,8655.00,08/15/14
12.55,12.245,13,12.55,159.00,08/14/14
12.9,12.645,12.93,12.45,666.00,08/13/14
13.15,12.9,13.15,12.81,560.00,08/12/14
12.81,13.1475,13.3625,12.81,1219.00,08/11/14
12.4975,12.8475,12.85,12.4975,1056.00,08/08/14
12.37,12.5,12.5,12.3475,1378.00,08/07/14
12.2275,12.37,12.3725,12.195,1113.00,08/06/14
12.2675,12.2275,12.2675,12.155,2223.00,08/05/14
12.12,12.325,12.3575,12.1,1665.00,08/04/14
12.2425,12.15,12.2575,12.1075,3172.00,08/01/14
12.1975,12.245,12.3125,12.175,3660.00,07/31/14
12.265,12.205,12.3575,12.15,16531.00,07/30/14
12.4,12.265,12.4225,12.1925,15570.00,07/29/14
12.19,12.365,12.3975,12.17,13536.00,07/28/14
12.065,12.1225,12.145,11.9775,14301.00,07/25/14
11.9975,12.075,12.3275,11.99,18916.00,07/24/14
11.8325,12.01,12.0475,11.8175,19389.00,07/23/14
11.75,11.84,11.965,11.7275,20413.00,07/22/14
11.7375,11.7575,11.85,11.66,15317.00,07/21/14
11.74,11.7675,11.8475,11.7125,12913.00,07/18/14
11.89,11.7475,12,11.7225,20733.00,07/17/14
11.805,11.8725,12.035,11.805,20821.00,07/16/14
0,11.805,0,11.5325,42006.00,07/15/14
13.025,12.95,13.085,12.935,206.00,07/14/14
13.2975,12.9575,13.4025,12.4925,877.00,07/11/14
13.3,13.2975,13.4775,13.26,680.00,07/10/14
13.2575,13.345,13.37,13.14,824.00,07/09/14
13.6225,13.2975,13.6325,13.255,1947.00,07/08/14
13.86,13.63,13.86,13.58,1650.00,07/07/14
13.955,13.8775,13.9975,13.87,2556.00,07/03/14
13.9975,13.925,14.1,13.9275,3615.00,07/02/14
14.005,14,14.0925,13.8,5011.00,07/01/14
14.345,14.005,14.48,13.7275,16919.00,06/30/14
14.335,14.32,14.4075,14.2575,41642.00,06/27/14
14.165,14.37,14.3875,14.15,40191.00,06/26/14
14.1375,14.1575,14.22,14.1125,31784.00,06/25/14
14.23,14.135,14.23,14.07,34112.00,06/24/14
14.23,14.2475,14.345,14.045,46031.00,06/23/14
14.215,14.1575,14.23,14.0225,51728.00,06/20/14
14.095,14.2075,14.22,14.06,45091.00,06/19/14
13.985,14.09,14.19,13.935,59234.00,06/18/14
14.215,13.9825,14.2525,13.9575,78376.00,06/17/14
14.2775,14.2175,14.355,14.175,66296.00,06/16/14
14.15,14.2575,14.29,14.11,53728.00,06/13/14
14.44,14.1525,14.5275,14.1,130575.00,06/12/14
14.6175,14.455,14.665,14.445,106500.00,06/11/14
14.57,14.625,14.7525,14.5425,85704.00,06/10/14
14.5825,14.57,14.6975,14.52,84120.00,06/09/14
14.61,14.57,14.665,14.56,73870.00,06/06/14
14.825,14.605,14.8725,14.6,90873.00,06/05/14
14.8125,14.825,14.9575,14.7575,69578.00,06/04/14
14.975,14.8125,15.02,14.75,84395.00,06/03/14
14.88,15.005,15.1175,14.7825,75118.00,06/02/14
15.015,14.9325,15.065,14.91,48181.00,05/30/14
14.98,14.99,15.0875,14.9325,52858.00,05/29/14
14.8825,14.9775,15.02,14.8275,53019.00,05/28/14
15.105,15.1325,15.155,14.865,69147.00,05/27/14
15.19,15.155,15.29,15.1225,55335.00,05/23/14
15.05,15.1875,15.3675,15.03,111642.00,05/22/14
14.69,15.0525,15.0775,14.675,82578.00,05/21/14
14.84,14.6975,15.01,14.685,79363.00,05/20/14
14.6375,14.8525,14.9275,14.5625,86883.00,05/19/14
14.6925,14.65,14.785,14.615,56133.00,05/16/14
0,14.7025,0,14.625,92290.00,05/15/14
15.0375,14.9625,15.0375,14.86,248.00,05/14/14
14.84,15.0225,15.0425,14.8,429.00,05/13/14
14.9725,14.8375,15.045,14.8125,495.00,05/12/14
14.7,15.01,15.045,14.6375,985.00,05/09/14
14.51,14.7425,14.7575,14.51,972.00,05/08/14
14.5925,14.51,14.5925,14.4375,2858.00,05/07/14
14.7,14.64,14.7175,14.515,2873.00,05/06/14
14.8175,14.72,14.9,14.7125,2337.00,05/05/14
14.7575,14.8075,14.8375,14.65,2882.00,05/02/14
0,14.735,15.2975,14.75,6499.00,05/01/14
15.25,15.3075,15.32,15.16,13740.00,04/30/14
15.0825,15.24,15.275,15.0375,36085.00,04/29/14
15.0225,15.0825,15.205,14.9925,46623.00,04/28/14
14.72,14.98,15,14.72,58730.00,04/25/14
14.685,14.72,14.74,14.64,43256.00,04/24/14
14.8,14.685,14.8725,14.6675,50646.00,04/23/14
15.02,14.7975,15.0875,14.7725,69779.00,04/22/14
15.15,14.9875,15.25,14.86,40119.00,04/21/14
0,15.14,0,0,,04/18/14
0,15.14,15.25,15.065,52528.00,04/17/14
15.0025,15.1875,15.2275,14.995,59933.00,04/16/14
14.7625,15.0125,15.0925,14.735,90508.00,04/15/14
14.6225,14.7625,14.78,14.6125,86527.00,04/14/14
14.8175,14.63,14.8225,14.6075,86725.00,04/11/14
14.9475,14.8225,14.95,14.7625,72904.00,04/10/14
14.825,14.9525,15.12,14.815,123627.00,04/09/14
14.6425,14.825,14.835,14.62,88556.00,04/08/14
14.7225,14.6425,14.795,14.595,74833.00,04/07/14
14.7475,14.7375,14.87,14.63,65190.00,04/04/14
14.6225,14.7525,14.8075,14.5825,79203.00,04/03/14
14.8325,14.6225,14.96,14.56,104382.00,04/02/14
14.63,14.845,14.915,14.605,91062.00,04/01/14
14.335,14.64,14.665,14.23,108671.00,03/31/14
14.36,14.365,14.435,14.2825,56356.00,03/28/14
14.395,14.365,14.505,14.305,63460.00,03/27/14
14.26,14.4,14.4175,14.2075,59455.00,03/26/14
14.2575,14.28,14.36,14.16,53657.00,03/25/14
14.045,14.255,14.3275,13.9325,73516.00,03/24/14
14.335,14.0875,14.3575,14.0525,72213.00,03/21/14
14.305,14.3375,14.565,14.2225,108349.00,03/20/14
14.165,14.3125,14.42,14.165,79033.00,03/19/14
13.9,14.1825,14.195,13.845,80086.00,03/18/14
13.88,13.9175,13.9575,13.755,55949.00,03/17/14
0,13.885,0,0,181.00,03/14/14
13.8225,13.9075,13.85,13.8225,615.00,03/13/14
14.02,13.8175,14.025,13.635,806.00,03/12/14
14.1525,14.115,14.3025,14.1175,746.00,03/11/14
14.5125,14.1925,14.5125,14.1775,2109.00,03/10/14
14.365,14.575,14.6,14.3525,1158.00,03/07/14
14.2175,14.375,14.3825,14.1875,1106.00,03/06/14
14.215,14.2,14.24,14.07,2094.00,03/05/14
14.04,14.18,14.2225,14.0225,4196.00,03/04/14
14.185,14.0725,14.3875,14.01,5100.00,03/03/14
13.9525,14.1425,14.15,13.8475,11077.00,02/28/14
14.0525,13.935,14.52,13.92,59885.00,02/27/14
13.97,14.0725,14.08,13.9225,64681.00,02/26/14
13.8425,13.99,14,13.77,59986.00,02/25/14
13.7025,13.865,13.8975,13.6925,58344.00,02/24/14
13.585,13.7075,13.685,13.515,73255.00,02/21/14
13.54,13.5825,13.54,13.4825,71851.00,02/20/14
13.605,13.5425,13.7175,13.535,74906.00,02/19/14
13.3725,13.61,13.6175,13.355,93925.00,02/18/14
13.4225,13.375,13.56,13.3675,94697.00,02/14/14
13.23,13.4425,13.475,13.225,137972.00,02/13/14
13.35,13.23,13.4,13.22,112309.00,02/12/14
13.2325,13.3475,13.375,13.125,126056.00,02/11/14
13.27,13.255,13.4,13.185,131304.00,02/10/14
13.24,13.315,13.325,13.2,83345.00,02/07/14
13.1525,13.2575,13.345,13.1475,101626.00,02/06/14
13.12,13.1625,13.2125,13.05,98735.00,02/05/14
12.9275,13.1325,13.16,12.91,106313.00,02/04/14
12.8175,12.9275,12.9975,12.785,84987.00,02/03/14
0,12.8275,12.815,12.73,62551.00,01/31/14
12.69,12.75,12.85,12.625,116908.00,01/30/14
0,12.6925,0,12.6625,91033.00,01/29/14
12.8725,12.855,12.9,12.775,53525.00,01/28/14
12.86,12.8775,12.93,12.79,87203.00,01/27/14
12.7575,12.8475,12.87,12.635,102785.00,01/24/14
12.7975,12.77,12.9675,12.7525,100233.00,01/23/14
12.7975,12.795,12.86,12.72,95682.00,01/22/14
13.13,12.805,13.14,12.8,113405.00,01/21/14
13.1275,13.165,13.185,13.055,70837.00,01/17/14
13.165,13.15,13.305,13.11,95696.00,01/16/14
0,13.18,13.21,13.0325,92047.00,01/15/14
13.27,13.39,13.39,13.1475,306.00,01/14/14
13.0175,13.2675,13.275,12.96,1054.00,01/13/14
0,13.0375,13.125,12.9725,993.00,01/10/14
13.0075,12.9625,13.075,12.9625,2062.00,01/09/14
12.9925,13.0075,13.045,12.9225,2480.00,01/08/14
12.97,12.995,13.055,12.8725,2207.00,01/07/14
12.9125,12.9675,13.015,12.9,2322.00,01/06/14
12.87,12.8925,12.94,12.8175,5778.00,01/03/14
13.125,12.87,13.125,12.8025,7367.00,01/02/14
